Golfer,Event,Year,Round,Score,Location,Date
Justin Rose,Open Championship,2018,1,1,"Angus, Scotland",7/19/18
Justin Rose,Open Championship,2018,2,2,"Angus, Scotland",7/20/18
Justin Rose,Open Championship,2018,3,-7,"Angus, Scotland",7/21/18
Justin Rose,Open Championship,2018,4,-2,"Angus, Scotland",7/22/18
Brooks Koepka,Open Championship,2018,1,1,"Angus, Scotland",7/19/18
Brooks Koepka,Open Championship,2018,2,-2,"Angus, Scotland",7/20/18
Brooks Koepka,Open Championship,2018,3,4,"Angus, Scotland",7/21/18
Brooks Koepka,Open Championship,2018,4,-1,"Angus, Scotland",7/22/18
Dustin Johnson,Open Championship,2018,1,5,"Angus, Scotland",7/19/18
Dustin Johnson,Open Championship,2018,2,1,"Angus, Scotland",7/20/18
Justin Thomas,Open Championship,2018,1,-2,"Angus, Scotland",7/19/18
Justin Thomas,Open Championship,2018,2,6,"Angus, Scotland",7/20/18
Bryson DeChambeau,Open Championship,2018,1,4,"Angus, Scotland",7/19/18
Bryson DeChambeau,Open Championship,2018,2,-1,"Angus, Scotland",7/20/18
Bryson DeChambeau,Open Championship,2018,3,2,"Angus, Scotland",7/21/18
Bryson DeChambeau,Open Championship,2018,4,-1,"Angus, Scotland",7/22/18
Jon Rahm,Open Championship,2018,1,-2,"Angus, Scotland",7/19/18
Jon Rahm,Open Championship,2018,2,7,"Angus, Scotland",7/20/18
Rickie Fowler,Open Championship,2018,1,-1,"Angus, Scotland",7/19/18
Rickie Fowler,Open Championship,2018,2,-2,"Angus, Scotland",7/20/18
Rickie Fowler,Open Championship,2018,3,2,"Angus, Scotland",7/21/18
Rickie Fowler,Open Championship,2018,4,1,"Angus, Scotland",7/22/18
Rory McIlroy,Open Championship,2018,1,-2,"Angus, Scotland",7/19/18
Rory McIlroy,Open Championship,2018,2,-2,"Angus, Scotland",7/20/18
Rory McIlroy,Open Championship,2018,3,-1,"Angus, Scotland",7/21/18
Rory McIlroy,Open Championship,2018,4,-1,"Angus, Scotland",7/22/18
Jason Day,Open Championship,2018,1,0,"Angus, Scotland",7/19/18
Jason Day,Open Championship,2018,2,0,"Angus, Scotland",7/20/18
Jason Day,Open Championship,2018,3,1,"Angus, Scotland",7/21/18
Jason Day,Open Championship,2018,4,-3,"Angus, Scotland",7/22/18
Tony Finau,Open Championship,2018,1,-4,"Angus, Scotland",7/19/18
Tony Finau,Open Championship,2018,2,0,"Angus, Scotland",7/20/18
Tony Finau,Open Championship,2018,3,0,"Angus, Scotland",7/21/18
Tony Finau,Open Championship,2018,4,0,"Angus, Scotland",7/22/18
Paul Casey,Open Championship,2018,1,2,"Angus, Scotland",7/19/18
Paul Casey,Open Championship,2018,2,0,"Angus, Scotland",7/20/18
Paul Casey,Open Championship,2018,3,1,"Angus, Scotland",7/21/18
Paul Casey,Open Championship,2018,4,1,"Angus, Scotland",7/22/18
Bubba Watson,Open Championship,2018,1,4,"Angus, Scotland",7/19/18
Bubba Watson,Open Championship,2018,2,2,"Angus, Scotland",7/20/18
Gary Woodland,Open Championship,2018,1,0,"Angus, Scotland",7/19/18
Gary Woodland,Open Championship,2018,2,1,"Angus, Scotland",7/20/18
Gary Woodland,Open Championship,2018,3,1,"Angus, Scotland",7/21/18
Gary Woodland,Open Championship,2018,4,5,"Angus, Scotland",7/22/18
Marc Leishman,Open Championship,2018,1,1,"Angus, Scotland",7/19/18
Marc Leishman,Open Championship,2018,2,1,"Angus, Scotland",7/20/18
Marc Leishman,Open Championship,2018,3,-2,"Angus, Scotland",7/21/18
Marc Leishman,Open Championship,2018,4,5,"Angus, Scotland",7/22/18
Cameron Smith,Open Championship,2018,1,2,"Angus, Scotland",7/19/18
Cameron Smith,Open Championship,2018,2,0,"Angus, Scotland",7/20/18
Cameron Smith,Open Championship,2018,3,2,"Angus, Scotland",7/21/18
Cameron Smith,Open Championship,2018,4,6,"Angus, Scotland",7/22/18
Justin Rose,TOUR Championship,2018,1,-4,Atlanta,9/20/18
Justin Rose,TOUR Championship,2018,2,-3,Atlanta,9/21/18
Justin Rose,TOUR Championship,2018,3,-2,Atlanta,9/22/18
Justin Rose,TOUR Championship,2018,4,3,Atlanta,9/23/18
Brooks Koepka,TOUR Championship,2018,1,-1,Atlanta,9/20/18
Brooks Koepka,TOUR Championship,2018,2,8,Atlanta,9/21/18
Brooks Koepka,TOUR Championship,2018,3,-3,Atlanta,9/22/18
Brooks Koepka,TOUR Championship,2018,4,0,Atlanta,9/23/18
Dustin Johnson,TOUR Championship,2018,1,-1,Atlanta,9/20/18
Dustin Johnson,TOUR Championship,2018,2,0,Atlanta,9/21/18
Dustin Johnson,TOUR Championship,2018,3,-3,Atlanta,9/22/18
Dustin Johnson,TOUR Championship,2018,4,-3,Atlanta,9/23/18
Justin Thomas,TOUR Championship,2018,1,-3,Atlanta,9/20/18
Justin Thomas,TOUR Championship,2018,2,-1,Atlanta,9/21/18
Justin Thomas,TOUR Championship,2018,3,0,Atlanta,9/22/18
Justin Thomas,TOUR Championship,2018,4,-1,Atlanta,9/23/18
Bryson DeChambeau,TOUR Championship,2018,1,1,Atlanta,9/20/18
Bryson DeChambeau,TOUR Championship,2018,2,5,Atlanta,9/21/18
Bryson DeChambeau,TOUR Championship,2018,3,-4,Atlanta,9/22/18
Bryson DeChambeau,TOUR Championship,2018,4,-3,Atlanta,9/23/18
Jon Rahm,TOUR Championship,2018,1,-2,Atlanta,9/20/18
Jon Rahm,TOUR Championship,2018,2,-2,Atlanta,9/21/18
Jon Rahm,TOUR Championship,2018,3,-2,Atlanta,9/22/18
Jon Rahm,TOUR Championship,2018,4,2,Atlanta,9/23/18
Rickie Fowler,TOUR Championship,2018,1,-5,Atlanta,9/20/18
Rickie Fowler,TOUR Championship,2018,2,2,Atlanta,9/21/18
Rickie Fowler,TOUR Championship,2018,3,3,Atlanta,9/22/18
Rickie Fowler,TOUR Championship,2018,4,-5,Atlanta,9/23/18
Rory McIlroy,TOUR Championship,2018,1,-3,Atlanta,9/20/18
Rory McIlroy,TOUR Championship,2018,2,-2,Atlanta,9/21/18
Rory McIlroy,TOUR Championship,2018,3,-4,Atlanta,9/22/18
Rory McIlroy,TOUR Championship,2018,4,4,Atlanta,9/23/18
Francesco Molinari,TOUR Championship,2018,1,0,Atlanta,9/20/18
Francesco Molinari,TOUR Championship,2018,2,5,Atlanta,9/21/18
Francesco Molinari,TOUR Championship,2018,3,-1,Atlanta,9/22/18
Francesco Molinari,TOUR Championship,2018,4,-3,Atlanta,9/23/18
Richie Ramsay,TOUR Championship,2018,1,11,Atlanta,9/20/18
Richie Ramsay,TOUR Championship,2018,2,-3,Atlanta,9/21/18
Jason Day,TOUR Championship,2018,1,-2,Atlanta,9/20/18
Jason Day,TOUR Championship,2018,2,3,Atlanta,9/21/18
Jason Day,TOUR Championship,2018,3,-1,Atlanta,9/22/18
Jason Day,TOUR Championship,2018,4,-2,Atlanta,9/23/18
Tony Finau,TOUR Championship,2018,1,-3,Atlanta,9/20/18
Tony Finau,TOUR Championship,2018,2,1,Atlanta,9/21/18
Tony Finau,TOUR Championship,2018,3,-3,Atlanta,9/22/18
Tony Finau,TOUR Championship,2018,4,2,Atlanta,9/23/18
Paul Casey,TOUR Championship,2018,1,-2,Atlanta,9/20/18
Paul Casey,TOUR Championship,2018,2,1,Atlanta,9/21/18
Paul Casey,TOUR Championship,2018,3,-4,Atlanta,9/22/18
Paul Casey,TOUR Championship,2018,4,1,Atlanta,9/23/18
Bubba Watson,TOUR Championship,2018,1,0,Atlanta,9/20/18
Bubba Watson,TOUR Championship,2018,2,2,Atlanta,9/21/18
Bubba Watson,TOUR Championship,2018,3,3,Atlanta,9/22/18
Bubba Watson,TOUR Championship,2018,4,5,Atlanta,9/23/18
Gary Woodland,TOUR Championship,2018,1,-4,Atlanta,9/20/18
Gary Woodland,TOUR Championship,2018,2,2,Atlanta,9/21/18
Gary Woodland,TOUR Championship,2018,3,-2,Atlanta,9/22/18
Gary Woodland,TOUR Championship,2018,4,0,Atlanta,9/23/18
Marc Leishman,TOUR Championship,2018,1,3,Atlanta,9/20/18
Marc Leishman,TOUR Championship,2018,2,-1,Atlanta,9/21/18
Marc Leishman,TOUR Championship,2018,3,-2,Atlanta,9/22/18
Marc Leishman,TOUR Championship,2018,4,1,Atlanta,9/23/18
Cameron Smith,TOUR Championship,2018,1,0,Atlanta,9/20/18
Cameron Smith,TOUR Championship,2018,2,3,Atlanta,9/21/18
Cameron Smith,TOUR Championship,2018,3,-1,Atlanta,9/22/18
Cameron Smith,TOUR Championship,2018,4,-2,Atlanta,9/23/18
Dustin Johnson,TOUR Championship,2016,1,-4,Atlanta,9/22/16
Dustin Johnson,TOUR Championship,2016,2,-3,Atlanta,9/23/16
Dustin Johnson,TOUR Championship,2016,3,-1,Atlanta,9/24/16
Dustin Johnson,TOUR Championship,2016,4,3,Atlanta,9/25/16
Justin Thomas,TOUR Championship,2016,1,-2,Atlanta,9/22/16
Justin Thomas,TOUR Championship,2016,2,1,Atlanta,9/23/16
Justin Thomas,TOUR Championship,2016,3,-1,Atlanta,9/24/16
Justin Thomas,TOUR Championship,2016,4,-3,Atlanta,9/25/16
Rory McIlroy,TOUR Championship,2016,1,-2,Atlanta,9/22/16
Rory McIlroy,TOUR Championship,2016,2,0,Atlanta,9/23/16
Rory McIlroy,TOUR Championship,2016,3,-4,Atlanta,9/24/16
Rory McIlroy,TOUR Championship,2016,4,-6,Atlanta,9/25/16
Francesco Molinari,TOUR Championship,2016,1,1,Atlanta,9/22/16
Francesco Molinari,TOUR Championship,2016,2,3,Atlanta,9/23/16
Francesco Molinari,TOUR Championship,2016,3,-1,Atlanta,9/24/16
Francesco Molinari,TOUR Championship,2016,4,5,Atlanta,9/25/16
Richie Ramsay,TOUR Championship,2016,1,11,Atlanta,9/22/16
Richie Ramsay,TOUR Championship,2016,2,-3,Atlanta,9/23/16
William McGirt,TOUR Championship,2016,1,7,Atlanta,9/22/16
William McGirt,TOUR Championship,2016,2,-1,Atlanta,9/23/16
William McGirt,TOUR Championship,2016,3,-4,Atlanta,9/24/16
William McGirt,TOUR Championship,2016,4,-2,Atlanta,9/25/16
Jason Day,TOUR Championship,2016,1,-3,Atlanta,9/22/16
Paul Casey,TOUR Championship,2016,1,-2,Atlanta,9/22/16
Paul Casey,TOUR Championship,2016,2,0,Atlanta,9/23/16
Paul Casey,TOUR Championship,2016,3,-1,Atlanta,9/24/16
Paul Casey,TOUR Championship,2016,4,-6,Atlanta,9/25/16
Bubba Watson,TOUR Championship,2016,1,2,Atlanta,9/22/16
Bubba Watson,TOUR Championship,2016,2,3,Atlanta,9/23/16
Bubba Watson,TOUR Championship,2016,3,-4,Atlanta,9/24/16
Bubba Watson,TOUR Championship,2016,4,-3,Atlanta,9/25/16
Gary Woodland,TOUR Championship,2016,1,2,Atlanta,9/22/16
Gary Woodland,TOUR Championship,2016,2,0,Atlanta,9/23/16
Gary Woodland,TOUR Championship,2016,3,-1,Atlanta,9/24/16
Gary Woodland,TOUR Championship,2016,4,-3,Atlanta,9/25/16
Marc Leishman,TOUR Championship,2016,1,9,Atlanta,9/22/16
Marc Leishman,TOUR Championship,2016,2,-2,Atlanta,9/23/16
Justin Rose,TOUR Championship,2015,1,0,Atlanta,9/24/15
Justin Rose,TOUR Championship,2015,2,-2,Atlanta,9/25/15
Justin Rose,TOUR Championship,2015,3,1,Atlanta,9/26/15
Justin Rose,TOUR Championship,2015,4,-4,Atlanta,9/27/15
Brooks Koepka,TOUR Championship,2015,1,-2,Atlanta,9/24/15
Brooks Koepka,TOUR Championship,2015,2,4,Atlanta,9/25/15
Brooks Koepka,TOUR Championship,2015,3,2,Atlanta,9/26/15
Brooks Koepka,TOUR Championship,2015,4,0,Atlanta,9/27/15
Dustin Johnson,TOUR Championship,2015,1,-1,Atlanta,9/24/15
Dustin Johnson,TOUR Championship,2015,2,2,Atlanta,9/25/15
Dustin Johnson,TOUR Championship,2015,3,1,Atlanta,9/26/15
Dustin Johnson,TOUR Championship,2015,4,-6,Atlanta,9/27/15
Rickie Fowler,TOUR Championship,2015,1,-1,Atlanta,9/24/15
Rickie Fowler,TOUR Championship,2015,2,0,Atlanta,9/25/15
Rickie Fowler,TOUR Championship,2015,3,-3,Atlanta,9/26/15
Rickie Fowler,TOUR Championship,2015,4,4,Atlanta,9/27/15
Rory McIlroy,TOUR Championship,2015,1,-4,Atlanta,9/24/15
Rory McIlroy,TOUR Championship,2015,2,1,Atlanta,9/25/15
Rory McIlroy,TOUR Championship,2015,3,0,Atlanta,9/26/15
Rory McIlroy,TOUR Championship,2015,4,4,Atlanta,9/27/15
Francesco Molinari,TOUR Championship,2015,1,1,Atlanta,9/24/15
Francesco Molinari,TOUR Championship,2015,2,3,Atlanta,9/25/15
Francesco Molinari,TOUR Championship,2015,3,-1,Atlanta,9/26/15
Francesco Molinari,TOUR Championship,2015,4,5,Atlanta,9/27/15
Richie Ramsay,TOUR Championship,2015,1,11,Atlanta,9/24/15
Richie Ramsay,TOUR Championship,2015,2,-3,Atlanta,9/25/15
Jason Day,TOUR Championship,2015,1,-1,Atlanta,9/24/15
Jason Day,TOUR Championship,2015,2,1,Atlanta,9/25/15
Jason Day,TOUR Championship,2015,3,0,Atlanta,9/26/15
Jason Day,TOUR Championship,2015,4,-2,Atlanta,9/27/15
Paul Casey,TOUR Championship,2015,1,-5,Atlanta,9/24/15
Paul Casey,TOUR Championship,2015,2,0,Atlanta,9/25/15
Paul Casey,TOUR Championship,2015,3,1,Atlanta,9/26/15
Paul Casey,TOUR Championship,2015,4,0,Atlanta,9/27/15
Bubba Watson,TOUR Championship,2015,1,0,Atlanta,9/24/15
Bubba Watson,TOUR Championship,2015,2,1,Atlanta,9/25/15
Bubba Watson,TOUR Championship,2015,3,-2,Atlanta,9/26/15
Bubba Watson,TOUR Championship,2015,4,-3,Atlanta,9/27/15
Marc Leishman,TOUR Championship,2015,1,9,Atlanta,9/24/15
Marc Leishman,TOUR Championship,2015,2,-2,Atlanta,9/25/15
Justin Rose,The Masters,2018,1,0,Augusta,4/5/18
Justin Rose,The Masters,2018,2,-2,Augusta,4/6/18
Justin Rose,The Masters,2018,3,-1,Augusta,4/7/18
Justin Rose,The Masters,2018,4,-3,Augusta,4/8/18
Dustin Johnson,The Masters,2018,1,1,Augusta,4/5/18
Dustin Johnson,The Masters,2018,2,-4,Augusta,4/6/18
Dustin Johnson,The Masters,2018,3,-1,Augusta,4/7/18
Dustin Johnson,The Masters,2018,4,-3,Augusta,4/8/18
Justin Thomas,The Masters,2018,1,2,Augusta,4/5/18
Justin Thomas,The Masters,2018,2,-5,Augusta,4/6/18
Justin Thomas,The Masters,2018,3,-2,Augusta,4/7/18
Justin Thomas,The Masters,2018,4,1,Augusta,4/8/18
Bryson DeChambeau,The Masters,2018,1,2,Augusta,4/5/18
Bryson DeChambeau,The Masters,2018,2,2,Augusta,4/6/18
Bryson DeChambeau,The Masters,2018,3,0,Augusta,4/7/18
Bryson DeChambeau,The Masters,2018,4,-1,Augusta,4/8/18
Jon Rahm,The Masters,2018,1,3,Augusta,4/5/18
Jon Rahm,The Masters,2018,2,-4,Augusta,4/6/18
Jon Rahm,The Masters,2018,3,-7,Augusta,4/7/18
Jon Rahm,The Masters,2018,4,-3,Augusta,4/8/18
Rory McIlroy,The Masters,2018,1,-3,Augusta,4/5/18
Rory McIlroy,The Masters,2018,2,-1,Augusta,4/6/18
Rory McIlroy,The Masters,2018,3,-7,Augusta,4/7/18
Rory McIlroy,The Masters,2018,4,2,Augusta,4/8/18
Francesco Molinari,The Masters,2018,1,0,Augusta,4/5/18
Francesco Molinari,The Masters,2018,2,2,Augusta,4/6/18
Francesco Molinari,The Masters,2018,3,-2,Augusta,4/7/18
Francesco Molinari,The Masters,2018,4,-2,Augusta,4/8/18
Jason Day,The Masters,2018,1,3,Augusta,4/5/18
Jason Day,The Masters,2018,2,-1,Augusta,4/6/18
Jason Day,The Masters,2018,3,-3,Augusta,4/7/18
Jason Day,The Masters,2018,4,-1,Augusta,4/8/18
Tony Finau,The Masters,2018,1,-4,Augusta,4/5/18
Tony Finau,The Masters,2018,2,2,Augusta,4/6/18
Tony Finau,The Masters,2018,3,1,Augusta,4/7/18
Tony Finau,The Masters,2018,4,-6,Augusta,4/8/18
Paul Casey,The Masters,2018,1,2,Augusta,4/5/18
Paul Casey,The Masters,2018,2,3,Augusta,4/6/18
Paul Casey,The Masters,2018,3,-3,Augusta,4/7/18
Paul Casey,The Masters,2018,4,-7,Augusta,4/8/18
Bubba Watson,The Masters,2018,1,1,Augusta,4/5/18
Bubba Watson,The Masters,2018,2,-3,Augusta,4/6/18
Bubba Watson,The Masters,2018,3,-4,Augusta,4/7/18
Bubba Watson,The Masters,2018,4,-3,Augusta,4/8/18
Gary Woodland,The Masters,2018,1,6,Augusta,4/5/18
Gary Woodland,The Masters,2018,2,4,Augusta,4/6/18
Marc Leishman,The Masters,2018,1,-2,Augusta,4/5/18
Marc Leishman,The Masters,2018,2,-5,Augusta,4/6/18
Marc Leishman,The Masters,2018,3,1,Augusta,4/7/18
Marc Leishman,The Masters,2018,4,-2,Augusta,4/8/18
Cameron Smith,The Masters,2018,1,-1,Augusta,4/5/18
Cameron Smith,The Masters,2018,2,0,Augusta,4/6/18
Cameron Smith,The Masters,2018,3,-2,Augusta,4/7/18
Cameron Smith,The Masters,2018,4,-6,Augusta,4/8/18
Brooks Koepka,The Masters,2017,1,2,Augusta,4/6/17
Brooks Koepka,The Masters,2017,2,1,Augusta,4/7/17
Brooks Koepka,The Masters,2017,3,-1,Augusta,4/8/17
Brooks Koepka,The Masters,2017,4,-3,Augusta,4/9/17
Justin Thomas,The Masters,2017,1,1,Augusta,4/6/17
Justin Thomas,The Masters,2017,2,4,Augusta,4/7/17
Justin Thomas,The Masters,2017,3,-1,Augusta,4/8/17
Justin Thomas,The Masters,2017,4,-2,Augusta,4/9/17
Jon Rahm,The Masters,2017,1,1,Augusta,4/6/17
Jon Rahm,The Masters,2017,2,-2,Augusta,4/7/17
Jon Rahm,The Masters,2017,3,1,Augusta,4/8/17
Jon Rahm,The Masters,2017,4,3,Augusta,4/9/17
Rickie Fowler,The Masters,2017,1,1,Augusta,4/6/17
Rickie Fowler,The Masters,2017,2,-5,Augusta,4/7/17
Rickie Fowler,The Masters,2017,3,-1,Augusta,4/8/17
Rickie Fowler,The Masters,2017,4,4,Augusta,4/9/17
Rory McIlroy,The Masters,2017,1,0,Augusta,4/6/17
Rory McIlroy,The Masters,2017,2,1,Augusta,4/7/17
Rory McIlroy,The Masters,2017,3,-1,Augusta,4/8/17
Rory McIlroy,The Masters,2017,4,-3,Augusta,4/9/17
Francesco Molinari,The Masters,2017,1,6,Augusta,4/6/17
Francesco Molinari,The Masters,2017,2,0,Augusta,4/7/17
Francesco Molinari,The Masters,2017,3,-1,Augusta,4/8/17
Francesco Molinari,The Masters,2017,4,0,Augusta,4/9/17
William McGirt,The Masters,2017,1,-3,Augusta,4/6/17
William McGirt,The Masters,2017,2,1,Augusta,4/7/17
William McGirt,The Masters,2017,3,2,Augusta,4/8/17
William McGirt,The Masters,2017,4,2,Augusta,4/9/17
Jason Day,The Masters,2017,1,2,Augusta,4/6/17
Jason Day,The Masters,2017,2,4,Augusta,4/7/17
Jason Day,The Masters,2017,3,-3,Augusta,4/8/17
Jason Day,The Masters,2017,4,-1,Augusta,4/9/17
Paul Casey,The Masters,2017,1,0,Augusta,4/6/17
Paul Casey,The Masters,2017,2,3,Augusta,4/7/17
Paul Casey,The Masters,2017,3,-3,Augusta,4/8/17
Paul Casey,The Masters,2017,4,-4,Augusta,4/9/17
Bubba Watson,The Masters,2017,1,2,Augusta,4/6/17
Bubba Watson,The Masters,2017,2,6,Augusta,4/7/17
Gary Woodland,The Masters,2017,1,3,Augusta,4/6/17
Gary Woodland,The Masters,2017,2,8,Augusta,4/7/17
Marc Leishman,The Masters,2017,1,1,Augusta,4/6/17
Marc Leishman,The Masters,2017,2,2,Augusta,4/7/17
Marc Leishman,The Masters,2017,3,6,Augusta,4/8/17
Marc Leishman,The Masters,2017,4,-1,Augusta,4/9/17
Justin Rose,The Masters,2016,1,-3,Augusta,4/7/16
Justin Rose,The Masters,2016,2,5,Augusta,4/8/16
Justin Rose,The Masters,2016,3,1,Augusta,4/9/16
Justin Rose,The Masters,2016,4,-2,Augusta,4/10/16
Brooks Koepka,The Masters,2016,1,1,Augusta,4/7/16
Brooks Koepka,The Masters,2016,2,0,Augusta,4/8/16
Brooks Koepka,The Masters,2016,3,4,Augusta,4/9/16
Brooks Koepka,The Masters,2016,4,0,Augusta,4/10/16
Dustin Johnson,The Masters,2016,1,1,Augusta,4/7/16
Dustin Johnson,The Masters,2016,2,-1,Augusta,4/8/16
Dustin Johnson,The Masters,2016,3,0,Augusta,4/9/16
Dustin Johnson,The Masters,2016,4,-1,Augusta,4/10/16
Justin Thomas,The Masters,2016,1,4,Augusta,4/7/16
Justin Thomas,The Masters,2016,2,1,Augusta,4/8/16
Justin Thomas,The Masters,2016,3,6,Augusta,4/9/16
Justin Thomas,The Masters,2016,4,-1,Augusta,4/10/16
Bryson DeChambeau,The Masters,2016,1,0,Augusta,4/7/16
Bryson DeChambeau,The Masters,2016,2,0,Augusta,4/8/16
Bryson DeChambeau,The Masters,2016,3,5,Augusta,4/9/16
Bryson DeChambeau,The Masters,2016,4,0,Augusta,4/10/16
Rickie Fowler,The Masters,2016,1,8,Augusta,4/7/16
Rickie Fowler,The Masters,2016,2,1,Augusta,4/8/16
Rory McIlroy,The Masters,2016,1,-2,Augusta,4/7/16
Rory McIlroy,The Masters,2016,2,-1,Augusta,4/8/16
Rory McIlroy,The Masters,2016,3,5,Augusta,4/9/16
Rory McIlroy,The Masters,2016,4,-1,Augusta,4/10/16
Jason Day,The Masters,2016,1,0,Augusta,4/7/16
Jason Day,The Masters,2016,2,1,Augusta,4/8/16
Jason Day,The Masters,2016,3,-1,Augusta,4/9/16
Jason Day,The Masters,2016,4,1,Augusta,4/10/16
Paul Casey,The Masters,2016,1,-3,Augusta,4/7/16
Paul Casey,The Masters,2016,2,5,Augusta,4/8/16
Paul Casey,The Masters,2016,3,2,Augusta,4/9/16
Paul Casey,The Masters,2016,4,-5,Augusta,4/10/16
Bubba Watson,The Masters,2016,1,3,Augusta,4/7/16
Bubba Watson,The Masters,2016,2,3,Augusta,4/8/16
Bubba Watson,The Masters,2016,3,4,Augusta,4/9/16
Bubba Watson,The Masters,2016,4,-1,Augusta,4/10/16
Marc Leishman,The Masters,2016,1,2,Augusta,4/7/16
Marc Leishman,The Masters,2016,2,5,Augusta,4/8/16
Cameron Smith,The Masters,2016,1,2,Augusta,4/7/16
Cameron Smith,The Masters,2016,2,1,Augusta,4/8/16
Cameron Smith,The Masters,2016,3,10,Augusta,4/9/16
Cameron Smith,The Masters,2016,4,2,Augusta,4/10/16
Justin Rose,The Masters,2015,1,-5,Augusta,4/9/15
Justin Rose,The Masters,2015,2,-2,Augusta,4/10/15
Justin Rose,The Masters,2015,3,-5,Augusta,4/11/15
Justin Rose,The Masters,2015,4,-2,Augusta,4/12/15
Brooks Koepka,The Masters,2015,1,2,Augusta,4/9/15
Brooks Koepka,The Masters,2015,2,-1,Augusta,4/10/15
Brooks Koepka,The Masters,2015,3,-1,Augusta,4/11/15
Brooks Koepka,The Masters,2015,4,0,Augusta,4/12/15
Dustin Johnson,The Masters,2015,1,-2,Augusta,4/9/15
Dustin Johnson,The Masters,2015,2,-5,Augusta,4/10/15
Dustin Johnson,The Masters,2015,3,1,Augusta,4/11/15
Dustin Johnson,The Masters,2015,4,-3,Augusta,4/12/15
Rickie Fowler,The Masters,2015,1,1,Augusta,4/9/15
Rickie Fowler,The Masters,2015,2,0,Augusta,4/10/15
Rickie Fowler,The Masters,2015,3,-2,Augusta,4/11/15
Rickie Fowler,The Masters,2015,4,-5,Augusta,4/12/15
Rory McIlroy,The Masters,2015,1,-1,Augusta,4/9/15
Rory McIlroy,The Masters,2015,2,-1,Augusta,4/10/15
Rory McIlroy,The Masters,2015,3,-4,Augusta,4/11/15
Rory McIlroy,The Masters,2015,4,-6,Augusta,4/12/15
Jason Day,The Masters,2015,1,-5,Augusta,4/9/15
Jason Day,The Masters,2015,2,2,Augusta,4/10/15
Jason Day,The Masters,2015,3,-1,Augusta,4/11/15
Jason Day,The Masters,2015,4,3,Augusta,4/12/15
Paul Casey,The Masters,2015,1,-3,Augusta,4/9/15
Paul Casey,The Masters,2015,2,-4,Augusta,4/10/15
Paul Casey,The Masters,2015,3,2,Augusta,4/11/15
Paul Casey,The Masters,2015,4,-4,Augusta,4/12/15
Bubba Watson,The Masters,2015,1,-1,Augusta,4/9/15
Bubba Watson,The Masters,2015,2,-1,Augusta,4/10/15
Bubba Watson,The Masters,2015,3,1,Augusta,4/11/15
Bubba Watson,The Masters,2015,4,2,Augusta,4/12/15
Gary Woodland,The Masters,2015,1,-1,Augusta,4/9/15
Gary Woodland,The Masters,2015,2,4,Augusta,4/10/15
Justin Rose,PGA Championship,2017,1,5,Charlotte,8/10/17
Justin Rose,PGA Championship,2017,2,1,Charlotte,8/11/17
Brooks Koepka,PGA Championship,2017,1,-3,Charlotte,8/10/17
Brooks Koepka,PGA Championship,2017,2,2,Charlotte,8/11/17
Brooks Koepka,PGA Championship,2017,3,3,Charlotte,8/12/17
Brooks Koepka,PGA Championship,2017,4,-2,Charlotte,8/13/17
Dustin Johnson,PGA Championship,2017,1,-1,Charlotte,8/10/17
Dustin Johnson,PGA Championship,2017,2,3,Charlotte,8/11/17
Dustin Johnson,PGA Championship,2017,3,2,Charlotte,8/12/17
Dustin Johnson,PGA Championship,2017,4,-4,Charlotte,8/13/17
Bryson DeChambeau,PGA Championship,2017,1,2,Charlotte,8/10/17
Bryson DeChambeau,PGA Championship,2017,2,0,Charlotte,8/11/17
Bryson DeChambeau,PGA Championship,2017,3,1,Charlotte,8/12/17
Bryson DeChambeau,PGA Championship,2017,4,0,Charlotte,8/13/17
Jon Rahm,PGA Championship,2017,1,-1,Charlotte,8/10/17
Jon Rahm,PGA Championship,2017,2,4,Charlotte,8/11/17
Jon Rahm,PGA Championship,2017,3,0,Charlotte,8/12/17
Jon Rahm,PGA Championship,2017,4,4,Charlotte,8/13/17
Rickie Fowler,PGA Championship,2017,1,-2,Charlotte,8/10/17
Rickie Fowler,PGA Championship,2017,2,-1,Charlotte,8/11/17
Rickie Fowler,PGA Championship,2017,3,2,Charlotte,8/12/17
Rickie Fowler,PGA Championship,2017,4,-4,Charlotte,8/13/17
Rory McIlroy,PGA Championship,2017,1,1,Charlotte,8/10/17
Rory McIlroy,PGA Championship,2017,2,1,Charlotte,8/11/17
Rory McIlroy,PGA Championship,2017,3,2,Charlotte,8/12/17
Rory McIlroy,PGA Championship,2017,4,-3,Charlotte,8/13/17
William McGirt,PGA Championship,2017,1,6,Charlotte,8/10/17
William McGirt,PGA Championship,2017,2,2,Charlotte,8/11/17
Jason Day,PGA Championship,2017,1,-1,Charlotte,8/10/17
Jason Day,PGA Championship,2017,2,-5,Charlotte,8/11/17
Jason Day,PGA Championship,2017,3,6,Charlotte,8/12/17
Jason Day,PGA Championship,2017,4,-1,Charlotte,8/13/17
Tony Finau,PGA Championship,2017,1,-2,Charlotte,8/10/17
Tony Finau,PGA Championship,2017,2,3,Charlotte,8/11/17
Tony Finau,PGA Championship,2017,3,0,Charlotte,8/12/17
Tony Finau,PGA Championship,2017,4,3,Charlotte,8/13/17
Paul Casey,PGA Championship,2017,1,-2,Charlotte,8/10/17
Paul Casey,PGA Championship,2017,2,-1,Charlotte,8/11/17
Paul Casey,PGA Championship,2017,3,3,Charlotte,8/12/17
Paul Casey,PGA Championship,2017,4,0,Charlotte,8/13/17
Bubba Watson,PGA Championship,2017,1,6,Charlotte,8/10/17
Bubba Watson,PGA Championship,2017,2,1,Charlotte,8/11/17
Gary Woodland,PGA Championship,2017,1,-3,Charlotte,8/10/17
Gary Woodland,PGA Championship,2017,2,3,Charlotte,8/11/17
Gary Woodland,PGA Championship,2017,3,-2,Charlotte,8/12/17
Gary Woodland,PGA Championship,2017,4,3,Charlotte,8/13/17
Marc Leishman,PGA Championship,2017,1,4,Charlotte,8/10/17
Marc Leishman,PGA Championship,2017,2,0,Charlotte,8/11/17
Marc Leishman,PGA Championship,2017,3,0,Charlotte,8/12/17
Marc Leishman,PGA Championship,2017,4,-4,Charlotte,8/13/17
Cameron Smith,PGA Championship,2017,1,4,Charlotte,8/10/17
Cameron Smith,PGA Championship,2017,2,11,Charlotte,8/11/17
Justin Rose,US Open,2017,1,0,"Erin, Wisconsin",6/15/17
Justin Rose,US Open,2017,2,2,"Erin, Wisconsin",6/16/17
Dustin Johnson,US Open,2017,1,3,"Erin, Wisconsin",6/15/17
Dustin Johnson,US Open,2017,2,1,"Erin, Wisconsin",6/16/17
Justin Thomas,US Open,2017,1,1,"Erin, Wisconsin",6/15/17
Justin Thomas,US Open,2017,2,-3,"Erin, Wisconsin",6/16/17
Justin Thomas,US Open,2017,3,-9,"Erin, Wisconsin",6/17/17
Justin Thomas,US Open,2017,4,3,"Erin, Wisconsin",6/18/17
Bryson DeChambeau,US Open,2017,1,2,"Erin, Wisconsin",6/15/17
Bryson DeChambeau,US Open,2017,2,4,"Erin, Wisconsin",6/16/17
Jon Rahm,US Open,2017,1,4,"Erin, Wisconsin",6/15/17
Jon Rahm,US Open,2017,2,1,"Erin, Wisconsin",6/16/17
Rickie Fowler,US Open,2017,1,-7,"Erin, Wisconsin",6/15/17
Rickie Fowler,US Open,2017,2,1,"Erin, Wisconsin",6/16/17
Rickie Fowler,US Open,2017,3,-4,"Erin, Wisconsin",6/17/17
Rickie Fowler,US Open,2017,4,0,"Erin, Wisconsin",6/18/17
Rory McIlroy,US Open,2017,1,6,"Erin, Wisconsin",6/15/17
Rory McIlroy,US Open,2017,2,-1,"Erin, Wisconsin",6/16/17
Francesco Molinari,US Open,2017,1,2,"Erin, Wisconsin",6/15/17
Francesco Molinari,US Open,2017,2,1,"Erin, Wisconsin",6/16/17
Richie Ramsay,US Open,2017,1,1,"Erin, Wisconsin",6/15/17
Richie Ramsay,US Open,2017,2,1,"Erin, Wisconsin",6/16/17
William McGirt,US Open,2017,1,-2,"Erin, Wisconsin",6/15/17
William McGirt,US Open,2017,2,-1,"Erin, Wisconsin",6/16/17
William McGirt,US Open,2017,3,7,"Erin, Wisconsin",6/17/17
William McGirt,US Open,2017,4,3,"Erin, Wisconsin",6/18/17
Jason Day,US Open,2017,1,7,"Erin, Wisconsin",6/15/17
Jason Day,US Open,2017,2,3,"Erin, Wisconsin",6/16/17
Paul Casey,US Open,2017,1,-6,"Erin, Wisconsin",6/15/17
Paul Casey,US Open,2017,2,-1,"Erin, Wisconsin",6/16/17
Paul Casey,US Open,2017,3,3,"Erin, Wisconsin",6/17/17
Paul Casey,US Open,2017,4,2,"Erin, Wisconsin",6/18/17
Bubba Watson,US Open,2017,1,3,"Erin, Wisconsin",6/15/17
Bubba Watson,US Open,2017,2,1,"Erin, Wisconsin",6/16/17
Gary Woodland,US Open,2017,1,0,"Erin, Wisconsin",6/15/17
Gary Woodland,US Open,2017,2,1,"Erin, Wisconsin",6/16/17
Gary Woodland,US Open,2017,3,1,"Erin, Wisconsin",6/17/17
Gary Woodland,US Open,2017,4,2,"Erin, Wisconsin",6/18/17
Marc Leishman,US Open,2017,1,-4,"Erin, Wisconsin",6/15/17
Marc Leishman,US Open,2017,2,0,"Erin, Wisconsin",6/16/17
Marc Leishman,US Open,2017,3,0,"Erin, Wisconsin",6/17/17
Marc Leishman,US Open,2017,4,3,"Erin, Wisconsin",6/18/17
Justin Rose,Open Championship,2016,1,-3,Glasgow,7/14/16
Justin Rose,Open Championship,2016,2,6,Glasgow,7/15/16
Justin Rose,Open Championship,2016,3,-1,Glasgow,7/16/16
Justin Rose,Open Championship,2016,4,-1,Glasgow,7/17/16
Dustin Johnson,Open Championship,2016,1,0,Glasgow,7/14/16
Dustin Johnson,Open Championship,2016,2,-2,Glasgow,7/15/16
Dustin Johnson,Open Championship,2016,3,1,Glasgow,7/16/16
Dustin Johnson,Open Championship,2016,4,-1,Glasgow,7/17/16
Justin Thomas,Open Championship,2016,1,-4,Glasgow,7/14/16
Justin Thomas,Open Championship,2016,2,6,Glasgow,7/15/16
Justin Thomas,Open Championship,2016,3,3,Glasgow,7/16/16
Justin Thomas,Open Championship,2016,4,2,Glasgow,7/17/16
Jon Rahm,Open Championship,2016,1,3,Glasgow,7/14/16
Jon Rahm,Open Championship,2016,2,0,Glasgow,7/15/16
Jon Rahm,Open Championship,2016,3,2,Glasgow,7/16/16
Jon Rahm,Open Championship,2016,4,4,Glasgow,7/17/16
Rickie Fowler,Open Championship,2016,1,-2,Glasgow,7/14/16
Rickie Fowler,Open Championship,2016,2,1,Glasgow,7/15/16
Rickie Fowler,Open Championship,2016,3,5,Glasgow,7/16/16
Rickie Fowler,Open Championship,2016,4,2,Glasgow,7/17/16
Rory McIlroy,Open Championship,2016,1,-2,Glasgow,7/14/16
Rory McIlroy,Open Championship,2016,2,0,Glasgow,7/15/16
Rory McIlroy,Open Championship,2016,3,2,Glasgow,7/16/16
Rory McIlroy,Open Championship,2016,4,-4,Glasgow,7/17/16
Francesco Molinari,Open Championship,2016,1,-2,Glasgow,7/14/16
Francesco Molinari,Open Championship,2016,2,0,Glasgow,7/15/16
Francesco Molinari,Open Championship,2016,3,2,Glasgow,7/16/16
Francesco Molinari,Open Championship,2016,4,3,Glasgow,7/17/16
Richie Ramsay,Open Championship,2016,1,2,Glasgow,7/14/16
Richie Ramsay,Open Championship,2016,2,3,Glasgow,7/15/16
William McGirt,Open Championship,2016,1,4,Glasgow,7/14/16
William McGirt,Open Championship,2016,2,1,Glasgow,7/15/16
Jason Day,Open Championship,2016,1,2,Glasgow,7/14/16
Jason Day,Open Championship,2016,2,-1,Glasgow,7/15/16
Jason Day,Open Championship,2016,3,0,Glasgow,7/16/16
Jason Day,Open Championship,2016,4,0,Glasgow,7/17/16
Tony Finau,Open Championship,2016,1,-4,Glasgow,7/14/16
Tony Finau,Open Championship,2016,2,0,Glasgow,7/15/16
Tony Finau,Open Championship,2016,3,1,Glasgow,7/16/16
Tony Finau,Open Championship,2016,4,3,Glasgow,7/17/16
Paul Casey,Open Championship,2016,1,6,Glasgow,7/14/16
Paul Casey,Open Championship,2016,2,3,Glasgow,7/15/16
Bubba Watson,Open Championship,2016,1,-1,Glasgow,7/14/16
Bubba Watson,Open Championship,2016,2,5,Glasgow,7/15/16
Bubba Watson,Open Championship,2016,3,1,Glasgow,7/16/16
Bubba Watson,Open Championship,2016,4,-1,Glasgow,7/17/16
Gary Woodland,Open Championship,2016,1,-2,Glasgow,7/14/16
Gary Woodland,Open Championship,2016,2,2,Glasgow,7/15/16
Gary Woodland,Open Championship,2016,3,0,Glasgow,7/16/16
Gary Woodland,Open Championship,2016,4,-1,Glasgow,7/17/16
Marc Leishman,Open Championship,2016,1,3,Glasgow,7/14/16
Marc Leishman,Open Championship,2016,2,-2,Glasgow,7/15/16
Marc Leishman,Open Championship,2016,3,4,Glasgow,7/16/16
Marc Leishman,Open Championship,2016,4,2,Glasgow,7/17/16
Justin Rose,Houston Open,2018,1,-4,Houston,3/29/18
Justin Rose,Houston Open,2018,2,-3,Houston,3/30/18
Justin Rose,Houston Open,2018,3,0,Houston,3/31/18
Justin Rose,Houston Open,2018,4,0,Houston,4/1/18
Rickie Fowler,Houston Open,2018,1,-6,Houston,3/29/18
Rickie Fowler,Houston Open,2018,2,-4,Houston,3/30/18
Rickie Fowler,Houston Open,2018,3,1,Houston,3/31/18
Rickie Fowler,Houston Open,2018,4,1,Houston,4/1/18
Keith Mitchell,Houston Open,2018,1,-5,Houston,3/29/18
Keith Mitchell,Houston Open,2018,2,-1,Houston,3/30/18
Keith Mitchell,Houston Open,2018,3,-5,Houston,3/31/18
Keith Mitchell,Houston Open,2018,4,-3,Houston,4/1/18
Nick Watney,Houston Open,2018,1,-1,Houston,3/29/18
Nick Watney,Houston Open,2018,2,-3,Houston,3/30/18
Nick Watney,Houston Open,2018,3,-3,Houston,3/31/18
Nick Watney,Houston Open,2018,4,-2,Houston,4/1/18
Peter Malnati,Houston Open,2018,1,0,Houston,3/29/18
Peter Malnati,Houston Open,2018,2,-1,Houston,3/30/18
William McGirt,Houston Open,2018,1,-1,Houston,3/29/18
William McGirt,Houston Open,2018,2,-1,Houston,3/30/18
Tony Finau,Houston Open,2018,1,-2,Houston,3/29/18
Tony Finau,Houston Open,2018,2,-2,Houston,3/30/18
Tony Finau,Houston Open,2018,3,-3,Houston,3/31/18
Tony Finau,Houston Open,2018,4,-3,Houston,4/1/18
Justin Rose,Houston Open,2017,1,-5,Houston,3/30/17
Justin Rose,Houston Open,2017,2,-1,Houston,3/31/17
Justin Rose,Houston Open,2017,3,1,Houston,4/1/17
Justin Rose,Houston Open,2017,4,-2,Houston,4/2/17
Bryson DeChambeau,Houston Open,2017,1,-1,Houston,3/30/17
Bryson DeChambeau,Houston Open,2017,2,-4,Houston,3/31/17
Bryson DeChambeau,Houston Open,2017,3,6,Houston,4/1/17
Bryson DeChambeau,Houston Open,2017,4,-3,Houston,4/2/17
Jon Rahm,Houston Open,2017,1,-1,Houston,3/30/17
Jon Rahm,Houston Open,2017,2,0,Houston,3/31/17
Jon Rahm,Houston Open,2017,3,-3,Houston,4/1/17
Jon Rahm,Houston Open,2017,4,-5,Houston,4/2/17
Rickie Fowler,Houston Open,2017,1,-8,Houston,3/30/17
Rickie Fowler,Houston Open,2017,2,-1,Houston,3/31/17
Rickie Fowler,Houston Open,2017,3,-5,Houston,4/1/17
Rickie Fowler,Houston Open,2017,4,-2,Houston,4/2/17
Nick Watney,Houston Open,2017,1,4,Houston,3/30/17
Nick Watney,Houston Open,2017,2,5,Houston,3/31/17
Peter Malnati,Houston Open,2017,1,3,Houston,3/30/17
Peter Malnati,Houston Open,2017,2,0,Houston,3/31/17
Tony Finau,Houston Open,2017,1,-1,Houston,3/30/17
Tony Finau,Houston Open,2017,2,1,Houston,3/31/17
Tony Finau,Houston Open,2017,3,0,Houston,4/1/17
Tony Finau,Houston Open,2017,4,-4,Houston,4/2/17
Cameron Smith,Houston Open,2017,1,0,Houston,3/30/17
Cameron Smith,Houston Open,2017,2,2,Houston,3/31/17
Brooks Koepka,Houston Open,2016,1,3,Houston,3/31/16
Brooks Koepka,Houston Open,2016,2,-2,Houston,4/1/16
Dustin Johnson,Houston Open,2016,1,-7,Houston,3/31/16
Dustin Johnson,Houston Open,2016,2,-1,Houston,4/1/16
Dustin Johnson,Houston Open,2016,3,-2,Houston,4/2/16
Dustin Johnson,Houston Open,2016,4,-3,Houston,4/3/16
Rickie Fowler,Houston Open,2016,1,-3,Houston,3/31/16
Rickie Fowler,Houston Open,2016,2,-2,Houston,4/1/16
Rickie Fowler,Houston Open,2016,3,-2,Houston,4/2/16
Rickie Fowler,Houston Open,2016,4,-2,Houston,4/3/16
Peter Malnati,Houston Open,2016,1,-3,Houston,3/31/16
Peter Malnati,Houston Open,2016,2,4,Houston,4/1/16
William McGirt,Houston Open,2016,1,-2,Houston,3/31/16
William McGirt,Houston Open,2016,2,4,Houston,4/1/16
Tony Finau,Houston Open,2016,1,-4,Houston,3/31/16
Tony Finau,Houston Open,2016,2,4,Houston,4/1/16
Gary Woodland,Houston Open,2016,1,-3,Houston,3/31/16
Gary Woodland,Houston Open,2016,2,0,Houston,4/1/16
Gary Woodland,Houston Open,2016,3,-1,Houston,4/2/16
Gary Woodland,Houston Open,2016,4,0,Houston,4/3/16
Cameron Smith,Houston Open,2016,1,-3,Houston,3/31/16
Cameron Smith,Houston Open,2016,2,0,Houston,4/1/16
Cameron Smith,Houston Open,2016,3,0,Houston,4/2/16
Cameron Smith,Houston Open,2016,4,-3,Houston,4/3/16
Justin Rose,Houston Open,2015,1,-3,Houston,4/2/15
Justin Rose,Houston Open,2015,2,-4,Houston,4/3/15
Justin Rose,Houston Open,2015,3,0,Houston,4/4/15
Justin Rose,Houston Open,2015,4,0,Houston,4/5/15
Justin Thomas,Houston Open,2015,1,-1,Houston,4/2/15
Justin Thomas,Houston Open,2015,2,-4,Houston,4/3/15
Justin Thomas,Houston Open,2015,3,1,Houston,4/4/15
Justin Thomas,Houston Open,2015,4,-1,Houston,4/5/15
Rickie Fowler,Houston Open,2015,1,-3,Houston,4/2/15
Rickie Fowler,Houston Open,2015,2,-3,Houston,4/3/15
Rickie Fowler,Houston Open,2015,3,5,Houston,4/4/15
Rickie Fowler,Houston Open,2015,4,4,Houston,4/5/15
Francesco Molinari,Houston Open,2015,1,-2,Houston,4/2/15
Francesco Molinari,Houston Open,2015,2,-2,Houston,4/3/15
Francesco Molinari,Houston Open,2015,3,2,Houston,4/4/15
Francesco Molinari,Houston Open,2015,4,-1,Houston,4/5/15
Nick Watney,Houston Open,2015,1,-3,Houston,4/2/15
Nick Watney,Houston Open,2015,2,-4,Houston,4/3/15
Nick Watney,Houston Open,2015,3,1,Houston,4/4/15
Nick Watney,Houston Open,2015,4,-2,Houston,4/5/15
Tony Finau,Houston Open,2015,1,-3,Houston,4/2/15
Tony Finau,Houston Open,2015,2,-4,Houston,4/3/15
Tony Finau,Houston Open,2015,3,5,Houston,4/4/15
Tony Finau,Houston Open,2015,4,-4,Houston,4/5/15
Paul Casey,Houston Open,2015,1,-4,Houston,4/2/15
Paul Casey,Houston Open,2015,2,-3,Houston,4/3/15
Paul Casey,Houston Open,2015,3,-4,Houston,4/4/15
Paul Casey,Houston Open,2015,4,-1,Houston,4/5/15
Justin Rose,PGA Championship,2015,1,-3,"Kohler, Wisconsin",8/13/15
Justin Rose,PGA Championship,2015,2,-5,"Kohler, Wisconsin",8/14/15
Justin Rose,PGA Championship,2015,3,-4,"Kohler, Wisconsin",8/15/15
Justin Rose,PGA Championship,2015,4,-2,"Kohler, Wisconsin",8/16/15
Brooks Koepka,PGA Championship,2015,1,1,"Kohler, Wisconsin",8/13/15
Brooks Koepka,PGA Championship,2015,2,-3,"Kohler, Wisconsin",8/14/15
Brooks Koepka,PGA Championship,2015,3,-5,"Kohler, Wisconsin",8/15/15
Brooks Koepka,PGA Championship,2015,4,-6,"Kohler, Wisconsin",8/16/15
Dustin Johnson,PGA Championship,2015,1,-6,"Kohler, Wisconsin",8/13/15
Dustin Johnson,PGA Championship,2015,2,1,"Kohler, Wisconsin",8/14/15
Dustin Johnson,PGA Championship,2015,3,-4,"Kohler, Wisconsin",8/15/15
Dustin Johnson,PGA Championship,2015,4,-3,"Kohler, Wisconsin",8/16/15
Justin Thomas,PGA Championship,2015,1,0,"Kohler, Wisconsin",8/13/15
Justin Thomas,PGA Championship,2015,2,-2,"Kohler, Wisconsin",8/14/15
Justin Thomas,PGA Championship,2015,3,-4,"Kohler, Wisconsin",8/15/15
Justin Thomas,PGA Championship,2015,4,-2,"Kohler, Wisconsin",8/16/15
Rickie Fowler,PGA Championship,2015,1,1,"Kohler, Wisconsin",8/13/15
Rickie Fowler,PGA Championship,2015,2,-2,"Kohler, Wisconsin",8/14/15
Rickie Fowler,PGA Championship,2015,3,-2,"Kohler, Wisconsin",8/15/15
Rickie Fowler,PGA Championship,2015,4,-1,"Kohler, Wisconsin",8/16/15
Rory McIlroy,PGA Championship,2015,1,-1,"Kohler, Wisconsin",8/13/15
Rory McIlroy,PGA Championship,2015,2,-1,"Kohler, Wisconsin",8/14/15
Rory McIlroy,PGA Championship,2015,3,-4,"Kohler, Wisconsin",8/15/15
Rory McIlroy,PGA Championship,2015,4,-3,"Kohler, Wisconsin",8/16/15
Francesco Molinari,PGA Championship,2015,1,-1,"Kohler, Wisconsin",8/13/15
Francesco Molinari,PGA Championship,2015,2,1,"Kohler, Wisconsin",8/14/15
Francesco Molinari,PGA Championship,2015,3,-3,"Kohler, Wisconsin",8/15/15
Francesco Molinari,PGA Championship,2015,4,3,"Kohler, Wisconsin",8/16/15
Nick Watney,PGA Championship,2015,1,6,"Kohler, Wisconsin",8/13/15
Nick Watney,PGA Championship,2015,2,-4,"Kohler, Wisconsin",8/14/15
Nick Watney,PGA Championship,2015,3,-4,"Kohler, Wisconsin",8/15/15
Nick Watney,PGA Championship,2015,4,-2,"Kohler, Wisconsin",8/16/15
Richie Ramsay,PGA Championship,2015,1,9,"Kohler, Wisconsin",8/13/15
Richie Ramsay,PGA Championship,2015,2,-5,"Kohler, Wisconsin",8/14/15
Tony Finau,PGA Championship,2015,1,-1,"Kohler, Wisconsin",8/13/15
Tony Finau,PGA Championship,2015,2,-6,"Kohler, Wisconsin",8/14/15
Tony Finau,PGA Championship,2015,3,-3,"Kohler, Wisconsin",8/15/15
Tony Finau,PGA Championship,2015,4,-1,"Kohler, Wisconsin",8/16/15
Paul Casey,PGA Championship,2015,1,-2,"Kohler, Wisconsin",8/13/15
Paul Casey,PGA Championship,2015,2,-2,"Kohler, Wisconsin",8/14/15
Paul Casey,PGA Championship,2015,3,-2,"Kohler, Wisconsin",8/15/15
Paul Casey,PGA Championship,2015,4,2,"Kohler, Wisconsin",8/16/15
Bubba Watson,PGA Championship,2015,1,0,"Kohler, Wisconsin",8/13/15
Bubba Watson,PGA Championship,2015,2,-1,"Kohler, Wisconsin",8/14/15
Bubba Watson,PGA Championship,2015,3,-2,"Kohler, Wisconsin",8/15/15
Bubba Watson,PGA Championship,2015,4,-4,"Kohler, Wisconsin",8/16/15
Marc Leishman,PGA Championship,2015,1,7,"Kohler, Wisconsin",8/13/15
Marc Leishman,PGA Championship,2015,2,-4,"Kohler, Wisconsin",8/14/15
Cameron Smith,PGA Championship,2015,1,2,"Kohler, Wisconsin",8/13/15
Cameron Smith,PGA Championship,2015,2,-4,"Kohler, Wisconsin",8/14/15
Cameron Smith,PGA Championship,2015,3,-2,"Kohler, Wisconsin",8/15/15
Cameron Smith,PGA Championship,2015,4,-1,"Kohler, Wisconsin",8/16/15
Justin Rose,The Players,2018,1,-4,Ponte Vedra,5/10/18
Justin Rose,The Players,2018,2,0,Ponte Vedra,5/11/18
Justin Rose,The Players,2018,3,1,Ponte Vedra,5/12/18
Justin Rose,The Players,2018,4,-6,Ponte Vedra,5/13/18
Brooks Koepka,The Players,2018,1,-2,Ponte Vedra,5/10/18
Brooks Koepka,The Players,2018,2,-2,Ponte Vedra,5/11/18
Brooks Koepka,The Players,2018,3,2,Ponte Vedra,5/12/18
Brooks Koepka,The Players,2018,4,-9,Ponte Vedra,5/13/18
Dustin Johnson,The Players,2018,1,-6,Ponte Vedra,5/10/18
Dustin Johnson,The Players,2018,2,-1,Ponte Vedra,5/11/18
Dustin Johnson,The Players,2018,3,-3,Ponte Vedra,5/12/18
Dustin Johnson,The Players,2018,4,0,Ponte Vedra,5/13/18
Justin Thomas,The Players,2018,1,1,Ponte Vedra,5/10/18
Justin Thomas,The Players,2018,2,-2,Ponte Vedra,5/11/18
Justin Thomas,The Players,2018,3,-4,Ponte Vedra,5/12/18
Justin Thomas,The Players,2018,4,-6,Ponte Vedra,5/13/18
Bryson DeChambeau,The Players,2018,1,-2,Ponte Vedra,5/10/18
Bryson DeChambeau,The Players,2018,2,-5,Ponte Vedra,5/11/18
Bryson DeChambeau,The Players,2018,3,1,Ponte Vedra,5/12/18
Bryson DeChambeau,The Players,2018,4,-1,Ponte Vedra,5/13/18
Jon Rahm,The Players,2018,1,-4,Ponte Vedra,5/10/18
Jon Rahm,The Players,2018,2,-2,Ponte Vedra,5/11/18
Jon Rahm,The Players,2018,3,5,Ponte Vedra,5/12/18
Jon Rahm,The Players,2018,4,-2,Ponte Vedra,5/13/18
Rickie Fowler,The Players,2018,1,2,Ponte Vedra,5/10/18
Rickie Fowler,The Players,2018,2,-1,Ponte Vedra,5/11/18
Rory McIlroy,The Players,2018,1,-1,Ponte Vedra,5/10/18
Rory McIlroy,The Players,2018,2,2,Ponte Vedra,5/11/18
Francesco Molinari,The Players,2018,1,1,Ponte Vedra,5/10/18
Francesco Molinari,The Players,2018,2,1,Ponte Vedra,5/11/18
Keith Mitchell,The Players,2018,1,-5,Ponte Vedra,5/10/18
Keith Mitchell,The Players,2018,2,3,Ponte Vedra,5/11/18
Keith Mitchell,The Players,2018,3,6,Ponte Vedra,5/12/18
Nick Watney,The Players,2018,1,-2,Ponte Vedra,5/10/18
Nick Watney,The Players,2018,2,0,Ponte Vedra,5/11/18
Nick Watney,The Players,2018,3,0,Ponte Vedra,5/12/18
Nick Watney,The Players,2018,4,-5,Ponte Vedra,5/13/18
William McGirt,The Players,2018,1,1,Ponte Vedra,5/10/18
William McGirt,The Players,2018,2,2,Ponte Vedra,5/11/18
Jason Day,The Players,2018,1,-3,Ponte Vedra,5/10/18
Jason Day,The Players,2018,2,-5,Ponte Vedra,5/11/18
Jason Day,The Players,2018,3,-1,Ponte Vedra,5/12/18
Jason Day,The Players,2018,4,-4,Ponte Vedra,5/13/18
Tony Finau,The Players,2018,1,-2,Ponte Vedra,5/10/18
Tony Finau,The Players,2018,2,0,Ponte Vedra,5/11/18
Tony Finau,The Players,2018,3,-1,Ponte Vedra,5/12/18
Tony Finau,The Players,2018,4,-1,Ponte Vedra,5/13/18
Bubba Watson,The Players,2018,1,-4,Ponte Vedra,5/10/18
Bubba Watson,The Players,2018,2,-1,Ponte Vedra,5/11/18
Bubba Watson,The Players,2018,3,1,Ponte Vedra,5/12/18
Bubba Watson,The Players,2018,4,0,Ponte Vedra,5/13/18
Gary Woodland,The Players,2018,1,2,Ponte Vedra,5/10/18
Gary Woodland,The Players,2018,2,0,Ponte Vedra,5/11/18
Marc Leishman,The Players,2018,1,-1,Ponte Vedra,5/10/18
Marc Leishman,The Players,2018,2,-1,Ponte Vedra,5/11/18
Marc Leishman,The Players,2018,3,-5,Ponte Vedra,5/12/18
Marc Leishman,The Players,2018,4,4,Ponte Vedra,5/13/18
Cameron Smith,The Players,2018,1,4,Ponte Vedra,5/10/18
Cameron Smith,The Players,2018,2,3,Ponte Vedra,5/11/18
Justin Rose,The Players,2017,1,2,Ponte Vedra,5/11/17
Justin Rose,The Players,2017,2,-1,Ponte Vedra,5/12/17
Justin Rose,The Players,2017,3,-1,Ponte Vedra,5/13/17
Justin Rose,The Players,2017,4,8,Ponte Vedra,5/14/17
Brooks Koepka,The Players,2017,1,2,Ponte Vedra,5/11/17
Brooks Koepka,The Players,2017,2,-3,Ponte Vedra,5/12/17
Brooks Koepka,The Players,2017,3,-1,Ponte Vedra,5/13/17
Brooks Koepka,The Players,2017,4,1,Ponte Vedra,5/14/17
Dustin Johnson,The Players,2017,1,-1,Ponte Vedra,5/11/17
Dustin Johnson,The Players,2017,2,1,Ponte Vedra,5/12/17
Dustin Johnson,The Players,2017,3,2,Ponte Vedra,5/13/17
Dustin Johnson,The Players,2017,4,-4,Ponte Vedra,5/14/17
Justin Thomas,The Players,2017,1,1,Ponte Vedra,5/11/17
Justin Thomas,The Players,2017,2,-1,Ponte Vedra,5/12/17
Justin Thomas,The Players,2017,3,7,Ponte Vedra,5/13/17
Jon Rahm,The Players,2017,1,-4,Ponte Vedra,5/11/17
Jon Rahm,The Players,2017,2,0,Ponte Vedra,5/12/17
Jon Rahm,The Players,2017,3,10,Ponte Vedra,5/13/17
Rickie Fowler,The Players,2017,1,-2,Ponte Vedra,5/11/17
Rickie Fowler,The Players,2017,2,2,Ponte Vedra,5/12/17
Rickie Fowler,The Players,2017,3,0,Ponte Vedra,5/13/17
Rickie Fowler,The Players,2017,4,7,Ponte Vedra,5/14/17
Rory McIlroy,The Players,2017,1,1,Ponte Vedra,5/11/17
Rory McIlroy,The Players,2017,2,-1,Ponte Vedra,5/12/17
Rory McIlroy,The Players,2017,3,-1,Ponte Vedra,5/13/17
Rory McIlroy,The Players,2017,4,3,Ponte Vedra,5/14/17
Francesco Molinari,The Players,2017,1,-3,Ponte Vedra,5/11/17
Francesco Molinari,The Players,2017,2,2,Ponte Vedra,5/12/17
Francesco Molinari,The Players,2017,3,-3,Ponte Vedra,5/13/17
Francesco Molinari,The Players,2017,4,-1,Ponte Vedra,5/14/17
Peter Malnati,The Players,2017,1,3,Ponte Vedra,5/11/17
Peter Malnati,The Players,2017,2,3,Ponte Vedra,5/12/17
William McGirt,The Players,2017,1,-5,Ponte Vedra,5/11/17
William McGirt,The Players,2017,2,3,Ponte Vedra,5/12/17
William McGirt,The Players,2017,3,-1,Ponte Vedra,5/13/17
William McGirt,The Players,2017,4,3,Ponte Vedra,5/14/17
Jason Day,The Players,2017,1,-2,Ponte Vedra,5/11/17
Jason Day,The Players,2017,2,0,Ponte Vedra,5/12/17
Jason Day,The Players,2017,3,1,Ponte Vedra,5/13/17
Jason Day,The Players,2017,4,8,Ponte Vedra,5/14/17
Tony Finau,The Players,2017,1,1,Ponte Vedra,5/11/17
Tony Finau,The Players,2017,2,2,Ponte Vedra,5/12/17
Paul Casey,The Players,2017,1,-1,Ponte Vedra,5/11/17
Paul Casey,The Players,2017,2,-3,Ponte Vedra,5/12/17
Paul Casey,The Players,2017,3,5,Ponte Vedra,5/13/17
Paul Casey,The Players,2017,4,-1,Ponte Vedra,5/14/17
Bubba Watson,The Players,2017,1,4,Ponte Vedra,5/11/17
Bubba Watson,The Players,2017,2,3,Ponte Vedra,5/12/17
Gary Woodland,The Players,2017,1,-2,Ponte Vedra,5/11/17
Gary Woodland,The Players,2017,2,3,Ponte Vedra,5/12/17
Gary Woodland,The Players,2017,3,6,Ponte Vedra,5/13/17
Marc Leishman,The Players,2017,1,1,Ponte Vedra,5/11/17
Marc Leishman,The Players,2017,2,3,Ponte Vedra,5/12/17
Cameron Smith,The Players,2017,1,-1,Ponte Vedra,5/11/17
Cameron Smith,The Players,2017,2,5,Ponte Vedra,5/12/17
Justin Rose,The Players,2016,1,-7,Ponte Vedra,5/12/16
Justin Rose,The Players,2016,2,2,Ponte Vedra,5/13/16
Justin Rose,The Players,2016,3,6,Ponte Vedra,5/14/16
Justin Rose,The Players,2016,4,-6,Ponte Vedra,5/15/16
Brooks Koepka,The Players,2016,1,-6,Ponte Vedra,5/12/16
Brooks Koepka,The Players,2016,2,-2,Ponte Vedra,5/13/16
Brooks Koepka,The Players,2016,3,5,Ponte Vedra,5/14/16
Brooks Koepka,The Players,2016,4,1,Ponte Vedra,5/15/16
Dustin Johnson,The Players,2016,1,-2,Ponte Vedra,5/12/16
Dustin Johnson,The Players,2016,2,-2,Ponte Vedra,5/13/16
Dustin Johnson,The Players,2016,3,5,Ponte Vedra,5/14/16
Dustin Johnson,The Players,2016,4,-4,Ponte Vedra,5/15/16
Justin Thomas,The Players,2016,1,-2,Ponte Vedra,5/12/16
Justin Thomas,The Players,2016,2,-4,Ponte Vedra,5/13/16
Justin Thomas,The Players,2016,3,3,Ponte Vedra,5/14/16
Justin Thomas,The Players,2016,4,-7,Ponte Vedra,5/15/16
Rickie Fowler,The Players,2016,1,0,Ponte Vedra,5/12/16
Rickie Fowler,The Players,2016,2,-1,Ponte Vedra,5/13/16
Rory McIlroy,The Players,2016,1,0,Ponte Vedra,5/12/16
Rory McIlroy,The Players,2016,2,-8,Ponte Vedra,5/13/16
Rory McIlroy,The Players,2016,3,3,Ponte Vedra,5/14/16
Rory McIlroy,The Players,2016,4,-2,Ponte Vedra,5/15/16
Francesco Molinari,The Players,2016,1,-6,Ponte Vedra,5/12/16
Francesco Molinari,The Players,2016,2,-3,Ponte Vedra,5/13/16
Francesco Molinari,The Players,2016,3,0,Ponte Vedra,5/14/16
Francesco Molinari,The Players,2016,4,0,Ponte Vedra,5/15/16
Peter Malnati,The Players,2016,1,5,Ponte Vedra,5/12/16
Peter Malnati,The Players,2016,2,2,Ponte Vedra,5/13/16
William McGirt,The Players,2016,1,0,Ponte Vedra,5/12/16
William McGirt,The Players,2016,2,-7,Ponte Vedra,5/13/16
William McGirt,The Players,2016,3,4,Ponte Vedra,5/14/16
William McGirt,The Players,2016,4,3,Ponte Vedra,5/15/16
Tony Finau,The Players,2016,1,0,Ponte Vedra,5/12/16
Tony Finau,The Players,2016,2,3,Ponte Vedra,5/13/16
Paul Casey,The Players,2016,1,-4,Ponte Vedra,5/12/16
Paul Casey,The Players,2016,2,0,Ponte Vedra,5/13/16
Paul Casey,The Players,2016,3,4,Ponte Vedra,5/14/16
Paul Casey,The Players,2016,4,-4,Ponte Vedra,5/15/16
Bubba Watson,The Players,2016,1,-3,Ponte Vedra,5/12/16
Bubba Watson,The Players,2016,2,-1,Ponte Vedra,5/13/16
Bubba Watson,The Players,2016,3,2,Ponte Vedra,5/14/16
Bubba Watson,The Players,2016,4,2,Ponte Vedra,5/15/16
Gary Woodland,The Players,2016,1,-5,Ponte Vedra,5/12/16
Gary Woodland,The Players,2016,2,-4,Ponte Vedra,5/13/16
Gary Woodland,The Players,2016,3,4,Ponte Vedra,5/14/16
Gary Woodland,The Players,2016,4,2,Ponte Vedra,5/15/16
Marc Leishman,The Players,2016,1,-2,Ponte Vedra,5/12/16
Marc Leishman,The Players,2016,2,0,Ponte Vedra,5/13/16
Marc Leishman,The Players,2016,3,3,Ponte Vedra,5/14/16
Marc Leishman,The Players,2016,4,3,Ponte Vedra,5/15/16
Justin Rose,The Players,2015,1,-1,Ponte Vedra,5/7/15
Justin Rose,The Players,2015,2,2,Ponte Vedra,5/8/15
Brooks Koepka,The Players,2015,1,6,Ponte Vedra,5/7/15
Brooks Koepka,The Players,2015,2,-5,Ponte Vedra,5/8/15
Dustin Johnson,The Players,2015,1,0,Ponte Vedra,5/7/15
Dustin Johnson,The Players,2015,2,0,Ponte Vedra,5/8/15
Dustin Johnson,The Players,2015,3,3,Ponte Vedra,5/9/15
Dustin Johnson,The Players,2015,4,0,Ponte Vedra,5/10/15
Justin Thomas,The Players,2015,1,1,Ponte Vedra,5/7/15
Justin Thomas,The Players,2015,2,-2,Ponte Vedra,5/8/15
Justin Thomas,The Players,2015,3,-7,Ponte Vedra,5/9/15
Justin Thomas,The Players,2015,4,3,Ponte Vedra,5/10/15
Rory McIlroy,The Players,2015,1,-3,Ponte Vedra,5/7/15
Rory McIlroy,The Players,2015,2,-1,Ponte Vedra,5/8/15
Rory McIlroy,The Players,2015,3,-2,Ponte Vedra,5/9/15
Rory McIlroy,The Players,2015,4,-2,Ponte Vedra,5/10/15
Nick Watney,The Players,2015,1,6,Ponte Vedra,5/7/15
Nick Watney,The Players,2015,2,-1,Ponte Vedra,5/8/15
William McGirt,The Players,2015,1,3,Ponte Vedra,5/7/15
William McGirt,The Players,2015,2,1,Ponte Vedra,5/8/15
Jason Day,The Players,2015,1,-3,Ponte Vedra,5/7/15
Jason Day,The Players,2015,2,9,Ponte Vedra,5/8/15
Paul Casey,The Players,2015,1,7,Ponte Vedra,5/7/15
Bubba Watson,The Players,2015,1,-1,Ponte Vedra,5/7/15
Bubba Watson,The Players,2015,2,-2,Ponte Vedra,5/8/15
Bubba Watson,The Players,2015,3,-3,Ponte Vedra,5/9/15
Bubba Watson,The Players,2015,4,4,Ponte Vedra,5/10/15
Gary Woodland,The Players,2015,1,7,Ponte Vedra,5/7/15
Gary Woodland,The Players,2015,2,2,Ponte Vedra,5/8/15
Marc Leishman,The Players,2015,1,-3,Ponte Vedra,5/7/15
Marc Leishman,The Players,2015,2,-1,Ponte Vedra,5/8/15
Marc Leishman,The Players,2015,3,2,Ponte Vedra,5/9/15
Marc Leishman,The Players,2015,4,-3,Ponte Vedra,5/10/15
Justin Rose,Farmers Insurance Open,2017,1,-7,San Diego,1/26/17
Justin Rose,Farmers Insurance Open,2017,2,-1,San Diego,1/27/17
Justin Rose,Farmers Insurance Open,2017,3,1,San Diego,1/28/17
Justin Rose,Farmers Insurance Open,2017,4,-2,San Diego,1/29/17
Brooks Koepka,Farmers Insurance Open,2017,1,1,San Diego,1/26/17
Brooks Koepka,Farmers Insurance Open,2017,2,0,San Diego,1/27/17
Dustin Johnson,Farmers Insurance Open,2017,1,0,San Diego,1/26/17
Dustin Johnson,Farmers Insurance Open,2017,2,2,San Diego,1/27/17
Bryson DeChambeau,Farmers Insurance Open,2017,3,6,San Diego,1/26/17
Bryson DeChambeau,Farmers Insurance Open,2017,4,2,San Diego,1/27/17
Jon Rahm,Farmers Insurance Open,2017,1,0,San Diego,1/26/17
Jon Rahm,Farmers Insurance Open,2017,2,-3,San Diego,1/27/17
Jon Rahm,Farmers Insurance Open,2017,3,-3,San Diego,1/28/17
Jon Rahm,Farmers Insurance Open,2017,4,-7,San Diego,1/29/17
Rickie Fowler,Farmers Insurance Open,2017,1,0,San Diego,1/26/17
Rickie Fowler,Farmers Insurance Open,2017,2,3,San Diego,1/27/17
Francesco Molinari,Farmers Insurance Open,2017,1,-1,San Diego,1/26/17
Francesco Molinari,Farmers Insurance Open,2017,2,-2,San Diego,1/27/17
Francesco Molinari,Farmers Insurance Open,2017,3,-3,San Diego,1/28/17
Francesco Molinari,Farmers Insurance Open,2017,4,-1,San Diego,1/29/17
Nick Watney,Farmers Insurance Open,2017,1,-1,San Diego,1/26/17
Nick Watney,Farmers Insurance Open,2017,2,3,San Diego,1/27/17
Peter Malnati,Farmers Insurance Open,2017,1,2,San Diego,1/26/17
Peter Malnati,Farmers Insurance Open,2017,2,1,San Diego,1/27/17
Jason Day,Farmers Insurance Open,2017,1,1,San Diego,1/26/17
Jason Day,Farmers Insurance Open,2017,2,2,San Diego,1/27/17
Tony Finau,Farmers Insurance Open,2017,1,1,San Diego,1/26/17
Tony Finau,Farmers Insurance Open,2017,2,-4,San Diego,1/27/17
Tony Finau,Farmers Insurance Open,2017,3,-5,San Diego,1/28/17
Tony Finau,Farmers Insurance Open,2017,4,-1,San Diego,1/29/17
Paul Casey,Farmers Insurance Open,2017,1,-3,San Diego,1/26/17
Paul Casey,Farmers Insurance Open,2017,2,1,San Diego,1/27/17
Paul Casey,Farmers Insurance Open,2017,3,-4,San Diego,1/28/17
Paul Casey,Farmers Insurance Open,2017,4,1,San Diego,1/29/17
Gary Woodland,Farmers Insurance Open,2017,1,-5,San Diego,1/26/17
Gary Woodland,Farmers Insurance Open,2017,2,3,San Diego,1/27/17
Gary Woodland,Farmers Insurance Open,2017,3,-3,San Diego,1/28/17
Gary Woodland,Farmers Insurance Open,2017,4,-1,San Diego,1/29/17
Marc Leishman,Farmers Insurance Open,2017,1,-3,San Diego,1/26/17
Marc Leishman,Farmers Insurance Open,2017,2,0,San Diego,1/27/17
Marc Leishman,Farmers Insurance Open,2017,3,-4,San Diego,1/28/17
Marc Leishman,Farmers Insurance Open,2017,4,1,San Diego,1/29/17
Cameron Smith,Farmers Insurance Open,2017,1,1,San Diego,1/26/17
Cameron Smith,Farmers Insurance Open,2017,2,-1,San Diego,1/27/17
Cameron Smith,Farmers Insurance Open,2017,3,-2,San Diego,1/28/17
Cameron Smith,Farmers Insurance Open,2017,4,-2,San Diego,1/29/17
Justin Rose,Farmers Insurance Open,2018,1,-3,San Diego,1/25/18
Justin Rose,Farmers Insurance Open,2018,2,-2,San Diego,1/26/18
Justin Rose,Farmers Insurance Open,2018,3,-3,San Diego,1/27/18
Justin Rose,Farmers Insurance Open,2018,4,2,San Diego,1/28/18
Bryson DeChambeau,Farmers Insurance Open,2018,1,-2,San Diego,1/25/18
Bryson DeChambeau,Farmers Insurance Open,2018,2,4,San Diego,1/26/18
Jon Rahm,Farmers Insurance Open,2018,1,-4,San Diego,1/25/18
Jon Rahm,Farmers Insurance Open,2018,2,-6,San Diego,1/26/18
Jon Rahm,Farmers Insurance Open,2018,3,3,San Diego,1/27/18
Jon Rahm,Farmers Insurance Open,2018,4,5,San Diego,1/28/18
Rickie Fowler,Farmers Insurance Open,2018,1,0,San Diego,1/25/18
Rickie Fowler,Farmers Insurance Open,2018,2,0,San Diego,1/26/18
Francesco Molinari,Farmers Insurance Open,2018,1,-4,San Diego,1/25/18
Francesco Molinari,Farmers Insurance Open,2018,2,1,San Diego,1/26/18
Francesco Molinari,Farmers Insurance Open,2018,3,1,San Diego,1/27/18
Francesco Molinari,Farmers Insurance Open,2018,4,2,San Diego,1/28/18
Keith Mitchell,Farmers Insurance Open,2018,1,-1,San Diego,1/25/18
Keith Mitchell,Farmers Insurance Open,2018,2,-3,San Diego,1/26/18
Keith Mitchell,Farmers Insurance Open,2018,3,2,San Diego,1/27/18
Keith Mitchell,Farmers Insurance Open,2018,4,6,San Diego,1/28/18
Nick Watney,Farmers Insurance Open,2018,1,-3,San Diego,1/25/18
Nick Watney,Farmers Insurance Open,2018,2,1,San Diego,1/26/18
Nick Watney,Farmers Insurance Open,2018,3,-2,San Diego,1/27/18
Nick Watney,Farmers Insurance Open,2018,4,7,San Diego,1/28/18
Peter Malnati,Farmers Insurance Open,2018,1,1,San Diego,1/25/18
Peter Malnati,Farmers Insurance Open,2018,2,-1,San Diego,1/26/18
Jason Day,Farmers Insurance Open,2018,1,1,San Diego,1/25/18
Jason Day,Farmers Insurance Open,2018,2,-8,San Diego,1/26/18
Jason Day,Farmers Insurance Open,2018,3,-1,San Diego,1/27/18
Jason Day,Farmers Insurance Open,2018,4,-2,San Diego,1/28/18
Tony Finau,Farmers Insurance Open,2018,1,-7,San Diego,1/25/18
Tony Finau,Farmers Insurance Open,2018,2,-2,San Diego,1/26/18
Tony Finau,Farmers Insurance Open,2018,3,1,San Diego,1/27/18
Tony Finau,Farmers Insurance Open,2018,4,1,San Diego,1/28/18
Gary Woodland,Farmers Insurance Open,2018,1,2,San Diego,1/25/18
Gary Woodland,Farmers Insurance Open,2018,2,-4,San Diego,1/26/18
Gary Woodland,Farmers Insurance Open,2018,3,-6,San Diego,1/27/18
Gary Woodland,Farmers Insurance Open,2018,4,3,San Diego,1/28/18
Marc Leishman,Farmers Insurance Open,2018,1,-1,San Diego,1/25/18
Marc Leishman,Farmers Insurance Open,2018,2,-3,San Diego,1/26/18
Marc Leishman,Farmers Insurance Open,2018,3,-3,San Diego,1/27/18
Marc Leishman,Farmers Insurance Open,2018,4,1,San Diego,1/28/18
Cameron Smith,Farmers Insurance Open,2018,1,-1,San Diego,1/25/18
Cameron Smith,Farmers Insurance Open,2018,2,-4,San Diego,1/26/18
Cameron Smith,Farmers Insurance Open,2018,3,1,San Diego,1/27/18
Cameron Smith,Farmers Insurance Open,2018,4,0,San Diego,1/28/18
Justin Rose,Farmers Insurance Open,2016,1,-1,San Diego,1/28/16
Justin Rose,Farmers Insurance Open,2016,2,1,San Diego,1/29/16
Dustin Johnson,Farmers Insurance Open,2016,1,-2,San Diego,1/28/16
Dustin Johnson,Farmers Insurance Open,2016,2,-6,San Diego,1/29/16
Dustin Johnson,Farmers Insurance Open,2016,3,2,San Diego,1/30/16
Dustin Johnson,Farmers Insurance Open,2016,4,8,San Diego,1/31/16
Rickie Fowler,Farmers Insurance Open,2016,1,1,San Diego,1/28/16
Rickie Fowler,Farmers Insurance Open,2016,2,-1,San Diego,1/29/16
Francesco Molinari,Farmers Insurance Open,2016,1,3,San Diego,1/28/16
Francesco Molinari,Farmers Insurance Open,2016,2,1,San Diego,1/29/16
Nick Watney,Farmers Insurance Open,2016,1,-1,San Diego,1/28/16
Nick Watney,Farmers Insurance Open,2016,2,4,San Diego,1/29/16
Jason Day,Farmers Insurance Open,2016,1,0,San Diego,1/28/16
Jason Day,Farmers Insurance Open,2016,2,2,San Diego,1/29/16
Tony Finau,Farmers Insurance Open,2016,1,-1,San Diego,1/28/16
Tony Finau,Farmers Insurance Open,2016,2,-1,San Diego,1/29/16
Tony Finau,Farmers Insurance Open,2016,3,-1,San Diego,1/30/16
Tony Finau,Farmers Insurance Open,2016,4,5,San Diego,1/31/16
Paul Casey,Farmers Insurance Open,2016,1,1,San Diego,1/28/16
Paul Casey,Farmers Insurance Open,2016,2,-1,San Diego,1/29/16
Gary Woodland,Farmers Insurance Open,2016,1,-4,San Diego,1/28/16
Gary Woodland,Farmers Insurance Open,2016,2,-5,San Diego,1/29/16
Gary Woodland,Farmers Insurance Open,2016,3,1,San Diego,1/30/16
Gary Woodland,Farmers Insurance Open,2016,4,10,San Diego,1/31/16
Marc Leishman,Farmers Insurance Open,2016,1,2,San Diego,1/28/16
Marc Leishman,Farmers Insurance Open,2016,2,-2,San Diego,1/29/16
Cameron Smith,Farmers Insurance Open,2016,1,4,San Diego,1/28/16
Cameron Smith,Farmers Insurance Open,2016,2,-3,San Diego,1/29/16
Justin Rose,Farmers Insurance Open,2015,1,2,San Diego,2/5/15
Justin Rose,Farmers Insurance Open,2015,2,-2,San Diego,2/6/15
Brooks Koepka,Farmers Insurance Open,2015,1,-6,San Diego,2/5/15
Brooks Koepka,Farmers Insurance Open,2015,2,2,San Diego,2/6/15
Brooks Koepka,Farmers Insurance Open,2015,3,2,San Diego,2/7/15
Brooks Koepka,Farmers Insurance Open,2015,4,2,San Diego,2/8/15
Dustin Johnson,Farmers Insurance Open,2015,1,2,San Diego,2/5/15
Dustin Johnson,Farmers Insurance Open,2015,2,-2,San Diego,2/6/15
Justin Thomas,Farmers Insurance Open,2015,1,0,San Diego,2/5/15
Justin Thomas,Farmers Insurance Open,2015,2,1,San Diego,2/6/15
Rickie Fowler,Farmers Insurance Open,2015,1,-3,San Diego,2/5/15
Rickie Fowler,Farmers Insurance Open,2015,2,0,San Diego,2/6/15
Rickie Fowler,Farmers Insurance Open,2015,3,0,San Diego,2/7/15
Rickie Fowler,Farmers Insurance Open,2015,4,7,San Diego,2/8/15
Nick Watney,Farmers Insurance Open,2015,1,-1,San Diego,2/5/15
Nick Watney,Farmers Insurance Open,2015,2,-7,San Diego,2/6/15
Nick Watney,Farmers Insurance Open,2015,3,0,San Diego,2/7/15
Nick Watney,Farmers Insurance Open,2015,4,1,San Diego,2/8/15
Jason Day,Farmers Insurance Open,2015,1,1,San Diego,2/5/15
Jason Day,Farmers Insurance Open,2015,2,-7,San Diego,2/6/15
Jason Day,Farmers Insurance Open,2015,3,-1,San Diego,2/7/15
Jason Day,Farmers Insurance Open,2015,4,-2,San Diego,2/8/15
Tony Finau,Farmers Insurance Open,2015,1,1,San Diego,2/5/15
Tony Finau,Farmers Insurance Open,2015,2,-4,San Diego,2/6/15
Tony Finau,Farmers Insurance Open,2015,3,-2,San Diego,2/7/15
Tony Finau,Farmers Insurance Open,2015,4,2,San Diego,2/8/15
Paul Casey,Farmers Insurance Open,2015,1,2,San Diego,2/5/15
Paul Casey,Farmers Insurance Open,2015,2,-2,San Diego,2/6/15
Gary Woodland,Farmers Insurance Open,2015,1,-4,San Diego,2/5/15
Gary Woodland,Farmers Insurance Open,2015,2,0,San Diego,2/6/15
Gary Woodland,Farmers Insurance Open,2015,3,3,San Diego,2/7/15
Gary Woodland,Farmers Insurance Open,2015,4,2,San Diego,2/8/15
Marc Leishman,Farmers Insurance Open,2015,1,0,San Diego,2/5/15
Marc Leishman,Farmers Insurance Open,2015,2,-6,San Diego,2/6/15
Marc Leishman,Farmers Insurance Open,2015,3,0,San Diego,2/7/15
Marc Leishman,Farmers Insurance Open,2015,4,4,San Diego,2/8/15
Cameron Smith,Farmers Insurance Open,2015,1,1,San Diego,2/5/15
Cameron Smith,Farmers Insurance Open,2015,2,3,San Diego,2/6/15
Justin Rose,US Open,2016,1,2,Santa Rosa,6/16/16
Justin Rose,US Open,2016,2,6,Santa Rosa,6/17/16
Brooks Koepka,US Open,2016,1,5,Santa Rosa,6/16/16
Brooks Koepka,US Open,2016,2,-1,Santa Rosa,6/17/16
Brooks Koepka,US Open,2016,3,2,Santa Rosa,6/18/16
Brooks Koepka,US Open,2016,4,-2,Santa Rosa,6/19/16
Justin Thomas,US Open,2016,1,3,Santa Rosa,6/16/16
Justin Thomas,US Open,2016,2,-1,Santa Rosa,6/17/16
Justin Thomas,US Open,2016,3,3,Santa Rosa,6/18/16
Justin Thomas,US Open,2016,4,3,Santa Rosa,6/19/16
Bryson DeChambeau,US Open,2016,1,1,Santa Rosa,6/16/16
Bryson DeChambeau,US Open,2016,2,0,Santa Rosa,6/17/16
Bryson DeChambeau,US Open,2016,3,0,Santa Rosa,6/18/16
Bryson DeChambeau,US Open,2016,4,4,Santa Rosa,6/19/16
Jon Rahm,US Open,2016,1,6,Santa Rosa,6/16/16
Jon Rahm,US Open,2016,2,-1,Santa Rosa,6/17/16
Jon Rahm,US Open,2016,3,2,Santa Rosa,6/18/16
Jon Rahm,US Open,2016,4,0,Santa Rosa,6/19/16
Rickie Fowler,US Open,2016,1,6,Santa Rosa,6/16/16
Rickie Fowler,US Open,2016,2,5,Santa Rosa,6/17/16
Rory McIlroy,US Open,2016,1,7,Santa Rosa,6/16/16
Rory McIlroy,US Open,2016,2,1,Santa Rosa,6/17/16
William McGirt,US Open,2016,1,5,Santa Rosa,6/16/16
William McGirt,US Open,2016,2,4,Santa Rosa,6/17/16
Jason Day,US Open,2016,1,6,Santa Rosa,6/16/16
Jason Day,US Open,2016,2,-1,Santa Rosa,6/17/16
Jason Day,US Open,2016,3,-4,Santa Rosa,6/18/16
Jason Day,US Open,2016,4,1,Santa Rosa,6/19/16
Tony Finau,US Open,2016,1,2,Santa Rosa,6/16/16
Tony Finau,US Open,2016,2,5,Santa Rosa,6/17/16
Paul Casey,US Open,2016,1,5,Santa Rosa,6/16/16
Paul Casey,US Open,2016,2,3,Santa Rosa,6/17/16
Bubba Watson,US Open,2016,1,-1,Santa Rosa,6/16/16
Bubba Watson,US Open,2016,2,6,Santa Rosa,6/17/16
Bubba Watson,US Open,2016,3,2,Santa Rosa,6/18/16
Bubba Watson,US Open,2016,4,5,Santa Rosa,6/19/16
Marc Leishman,US Open,2016,1,1,Santa Rosa,6/16/16
Marc Leishman,US Open,2016,2,-1,Santa Rosa,6/17/16
Marc Leishman,US Open,2016,3,7,Santa Rosa,6/18/16
Marc Leishman,US Open,2016,4,-1,Santa Rosa,6/19/16
Cameron Smith,US Open,2016,1,1,Santa Rosa,6/16/16
Cameron Smith,US Open,2016,2,5,Santa Rosa,6/17/16
Cameron Smith,US Open,2016,3,0,Santa Rosa,6/18/16
Cameron Smith,US Open,2016,4,9,Santa Rosa,6/19/16
Justin Thomas,Waste Management Open,2018,1,-3,Scottsdale,2/1/18
Justin Thomas,Waste Management Open,2018,2,-3,Scottsdale,2/2/18
Justin Thomas,Waste Management Open,2018,3,0,Scottsdale,2/3/18
Bryson DeChambeau,Waste Management Open,2018,3,-3,Scottsdale,2/3/18
Bryson DeChambeau,Waste Management Open,2018,4,-1,Scottsdale,2/4/18
Jon Rahm,Waste Management Open,2018,1,-4,Scottsdale,2/1/18
Jon Rahm,Waste Management Open,2018,2,-3,Scottsdale,2/2/18
Jon Rahm,Waste Management Open,2018,3,-6,Scottsdale,2/3/18
Jon Rahm,Waste Management Open,2018,4,1,Scottsdale,2/4/18
Rickie Fowler,Waste Management Open,2018,3,-4,Scottsdale,2/3/18
Rickie Fowler,Waste Management Open,2018,4,2,Scottsdale,2/4/18
Francesco Molinari,Waste Management Open,2018,1,-1,Scottsdale,2/1/18
Francesco Molinari,Waste Management Open,2018,2,-2,Scottsdale,2/2/18
Francesco Molinari,Waste Management Open,2018,3,0,Scottsdale,2/3/18
Francesco Molinari,Waste Management Open,2018,4,-2,Scottsdale,2/4/18
Nick Watney,Waste Management Open,2018,1,-3,Scottsdale,2/1/18
Nick Watney,Waste Management Open,2018,2,-3,Scottsdale,2/2/18
Nick Watney,Waste Management Open,2018,3,-1,Scottsdale,2/3/18
Nick Watney,Waste Management Open,2018,4,-1,Scottsdale,2/4/18
Peter Malnati,Waste Management Open,2018,1,3,Scottsdale,2/1/18
Peter Malnati,Waste Management Open,2018,2,-3,Scottsdale,2/2/18
William McGirt,Waste Management Open,2018,1,0,Scottsdale,2/1/18
William McGirt,Waste Management Open,2018,2,1,Scottsdale,2/2/18
Tony Finau,Waste Management Open,2018,1,-2,Scottsdale,2/1/18
Tony Finau,Waste Management Open,2018,2,2,Scottsdale,2/2/18
Bubba Watson,Waste Management Open,2018,1,-4,Scottsdale,2/1/18
Bubba Watson,Waste Management Open,2018,2,-2,Scottsdale,2/2/18
Bubba Watson,Waste Management Open,2018,3,0,Scottsdale,2/3/18
Bubba Watson,Waste Management Open,2018,4,1,Scottsdale,2/4/18
Marc Leishman,Waste Management Open,2018,1,-2,Scottsdale,2/1/18
Marc Leishman,Waste Management Open,2018,2,0,Scottsdale,2/2/18
Marc Leishman,Waste Management Open,2018,3,-3,Scottsdale,2/3/18
Marc Leishman,Waste Management Open,2018,4,-2,Scottsdale,2/4/18
Cameron Smith,Waste Management Open,2018,1,-2,Scottsdale,2/1/18
Cameron Smith,Waste Management Open,2018,2,-4,Scottsdale,2/2/18
Cameron Smith,Waste Management Open,2018,3,3,Scottsdale,2/3/18
Cameron Smith,Waste Management Open,2018,4,0,Scottsdale,2/4/18
Brooks Koepka,Waste Management Open,2017,1,-4,Scottsdale,2/2/17
Brooks Koepka,Waste Management Open,2017,2,2,Scottsdale,2/3/17
Brooks Koepka,Waste Management Open,2017,3,0,Scottsdale,2/4/17
Brooks Koepka,Waste Management Open,2017,4,-4,Scottsdale,2/5/17
Justin Thomas,Waste Management Open,2017,1,-2,Scottsdale,2/2/17
Justin Thomas,Waste Management Open,2017,2,2,Scottsdale,2/3/17
Jon Rahm,Waste Management Open,2017,1,-1,Scottsdale,2/2/17
Jon Rahm,Waste Management Open,2017,2,-2,Scottsdale,2/3/17
Jon Rahm,Waste Management Open,2017,3,-6,Scottsdale,2/4/17
Jon Rahm,Waste Management Open,2017,4,-1,Scottsdale,2/5/17
Rickie Fowler,Waste Management Open,2017,1,-4,Scottsdale,2/2/17
Rickie Fowler,Waste Management Open,2017,2,-3,Scottsdale,2/3/17
Rickie Fowler,Waste Management Open,2017,3,-2,Scottsdale,2/4/17
Rickie Fowler,Waste Management Open,2017,4,-6,Scottsdale,2/5/17
William McGirt,Waste Management Open,2017,1,-2,Scottsdale,2/2/17
William McGirt,Waste Management Open,2017,2,-4,Scottsdale,2/3/17
William McGirt,Waste Management Open,2017,3,-5,Scottsdale,2/4/17
William McGirt,Waste Management Open,2017,4,2,Scottsdale,2/5/17
Tony Finau,Waste Management Open,2017,1,1,Scottsdale,2/2/17
Tony Finau,Waste Management Open,2017,2,0,Scottsdale,2/3/17
Bubba Watson,Waste Management Open,2017,1,-2,Scottsdale,2/2/17
Bubba Watson,Waste Management Open,2017,2,3,Scottsdale,2/3/17
Gary Woodland,Waste Management Open,2017,1,1,Scottsdale,2/2/17
Gary Woodland,Waste Management Open,2017,2,1,Scottsdale,2/3/17
Marc Leishman,Waste Management Open,2017,1,-3,Scottsdale,2/2/17
Marc Leishman,Waste Management Open,2017,2,-2,Scottsdale,2/3/17
Marc Leishman,Waste Management Open,2017,3,-6,Scottsdale,2/4/17
Marc Leishman,Waste Management Open,2017,4,2,Scottsdale,2/5/17
Cameron Smith,Waste Management Open,2017,1,-2,Scottsdale,2/2/17
Cameron Smith,Waste Management Open,2017,2,-1,Scottsdale,2/3/17
Cameron Smith,Waste Management Open,2017,3,-3,Scottsdale,2/4/17
Cameron Smith,Waste Management Open,2017,4,0,Scottsdale,2/5/17
Brooks Koepka,Waste Management Open,2016,1,-4,Scottsdale,2/4/16
Brooks Koepka,Waste Management Open,2016,2,1,Scottsdale,2/5/16
Brooks Koepka,Waste Management Open,2016,3,3,Scottsdale,2/6/16
Brooks Koepka,Waste Management Open,2016,4,-2,Scottsdale,2/7/16
Justin Thomas,Waste Management Open,2016,1,1,Scottsdale,2/4/16
Justin Thomas,Waste Management Open,2016,2,1,Scottsdale,2/5/16
Rickie Fowler,Waste Management Open,2016,1,-6,Scottsdale,2/4/16
Rickie Fowler,Waste Management Open,2016,2,-3,Scottsdale,2/5/16
Rickie Fowler,Waste Management Open,2016,3,-1,Scottsdale,2/6/16
Rickie Fowler,Waste Management Open,2016,4,-4,Scottsdale,2/7/16
Peter Malnati,Waste Management Open,2016,1,0,Scottsdale,2/4/16
Peter Malnati,Waste Management Open,2016,2,1,Scottsdale,2/5/16
William McGirt,Waste Management Open,2016,1,-2,Scottsdale,2/4/16
William McGirt,Waste Management Open,2016,2,-4,Scottsdale,2/5/16
William McGirt,Waste Management Open,2016,3,2,Scottsdale,2/6/16
William McGirt,Waste Management Open,2016,4,-1,Scottsdale,2/7/16
Tony Finau,Waste Management Open,2016,1,0,Scottsdale,2/4/16
Tony Finau,Waste Management Open,2016,2,3,Scottsdale,2/5/16
Bubba Watson,Waste Management Open,2016,1,-2,Scottsdale,2/4/16
Bubba Watson,Waste Management Open,2016,2,-2,Scottsdale,2/5/16
Bubba Watson,Waste Management Open,2016,3,2,Scottsdale,2/6/16
Bubba Watson,Waste Management Open,2016,4,-5,Scottsdale,2/7/16
Gary Woodland,Waste Management Open,2016,1,-4,Scottsdale,2/4/16
Gary Woodland,Waste Management Open,2016,2,1,Scottsdale,2/5/16
Gary Woodland,Waste Management Open,2016,3,-3,Scottsdale,2/6/16
Gary Woodland,Waste Management Open,2016,4,2,Scottsdale,2/7/16
Cameron Smith,Waste Management Open,2016,1,2,Scottsdale,2/4/16
Cameron Smith,Waste Management Open,2016,2,2,Scottsdale,2/5/16
Justin Thomas,Waste Management Open,2015,1,-4,Scottsdale,1/29/15
Justin Thomas,Waste Management Open,2015,2,-3,Scottsdale,1/30/15
Justin Thomas,Waste Management Open,2015,3,-2,Scottsdale,1/31/15
Justin Thomas,Waste Management Open,2015,4,1,Scottsdale,2/1/15
Jon Rahm,Waste Management Open,2015,1,-1,Scottsdale,1/29/15
Jon Rahm,Waste Management Open,2015,2,-3,Scottsdale,1/30/15
Jon Rahm,Waste Management Open,2015,3,-5,Scottsdale,1/31/15
Jon Rahm,Waste Management Open,2015,4,-3,Scottsdale,2/1/15
Rickie Fowler,Waste Management Open,2015,1,-1,Scottsdale,1/29/15
Rickie Fowler,Waste Management Open,2015,2,1,Scottsdale,1/30/15
Rickie Fowler,Waste Management Open,2015,3,1,Scottsdale,1/31/15
Rickie Fowler,Waste Management Open,2015,4,-4,Scottsdale,2/1/15
Francesco Molinari,Waste Management Open,2015,1,-1,Scottsdale,1/29/15
Francesco Molinari,Waste Management Open,2015,2,0,Scottsdale,1/30/15
Francesco Molinari,Waste Management Open,2015,3,-7,Scottsdale,1/31/15
Francesco Molinari,Waste Management Open,2015,4,1,Scottsdale,2/1/15
Nick Watney,Waste Management Open,2015,1,1,Scottsdale,1/29/15
Nick Watney,Waste Management Open,2015,2,2,Scottsdale,1/30/15
William McGirt,Waste Management Open,2015,1,-4,Scottsdale,1/29/15
William McGirt,Waste Management Open,2015,2,0,Scottsdale,1/30/15
William McGirt,Waste Management Open,2015,3,3,Scottsdale,1/31/15
William McGirt,Waste Management Open,2015,4,-4,Scottsdale,2/1/15
Tony Finau,Waste Management Open,2015,1,1,Scottsdale,1/29/15
Tony Finau,Waste Management Open,2015,2,-3,Scottsdale,1/30/15
Tony Finau,Waste Management Open,2015,3,-1,Scottsdale,1/31/15
Tony Finau,Waste Management Open,2015,4,-4,Scottsdale,2/1/15
Bubba Watson,Waste Management Open,2015,1,-6,Scottsdale,1/29/15
Bubba Watson,Waste Management Open,2015,2,0,Scottsdale,1/30/15
Bubba Watson,Waste Management Open,2015,3,-2,Scottsdale,1/31/15
Bubba Watson,Waste Management Open,2015,4,-6,Scottsdale,2/1/15
Gary Woodland,Waste Management Open,2015,1,-1,Scottsdale,1/29/15
Gary Woodland,Waste Management Open,2015,2,3,Scottsdale,1/30/15
Justin Rose,Open Championship,2017,1,1,"Southport, Merseyside, North West England",7/20/17
Justin Rose,Open Championship,2017,2,4,"Southport, Merseyside, North West England",7/21/17
Justin Rose,Open Championship,2017,3,-1,"Southport, Merseyside, North West England",7/22/17
Justin Rose,Open Championship,2017,4,0,"Southport, Merseyside, North West England",7/23/17
Brooks Koepka,Open Championship,2017,1,-5,"Southport, Merseyside, North West England",7/20/17
Brooks Koepka,Open Championship,2017,2,2,"Southport, Merseyside, North West England",7/21/17
Brooks Koepka,Open Championship,2017,3,-2,"Southport, Merseyside, North West England",7/22/17
Brooks Koepka,Open Championship,2017,4,1,"Southport, Merseyside, North West England",7/23/17
Dustin Johnson,Open Championship,2017,1,1,"Southport, Merseyside, North West England",7/20/17
Dustin Johnson,Open Championship,2017,2,2,"Southport, Merseyside, North West England",7/21/17
Dustin Johnson,Open Championship,2017,3,-6,"Southport, Merseyside, North West England",7/22/17
Dustin Johnson,Open Championship,2017,4,7,"Southport, Merseyside, North West England",7/23/17
Justin Thomas,Open Championship,2017,1,-3,"Southport, Merseyside, North West England",7/20/17
Justin Thomas,Open Championship,2017,2,10,"Southport, Merseyside, North West England",7/21/17
Bryson DeChambeau,Open Championship,2017,1,6,"Southport, Merseyside, North West England",7/20/17
Bryson DeChambeau,Open Championship,2017,2,7,"Southport, Merseyside, North West England",7/21/17
Jon Rahm,Open Championship,2017,1,-1,"Southport, Merseyside, North West England",7/20/17
Jon Rahm,Open Championship,2017,2,4,"Southport, Merseyside, North West England",7/21/17
Jon Rahm,Open Championship,2017,3,0,"Southport, Merseyside, North West England",7/22/17
Jon Rahm,Open Championship,2017,4,0,"Southport, Merseyside, North West England",7/23/17
Rickie Fowler,Open Championship,2017,1,1,"Southport, Merseyside, North West England",7/20/17
Rickie Fowler,Open Championship,2017,2,1,"Southport, Merseyside, North West England",7/21/17
Rickie Fowler,Open Championship,2017,3,-3,"Southport, Merseyside, North West England",7/22/17
Rickie Fowler,Open Championship,2017,4,1,"Southport, Merseyside, North West England",7/23/17
Rory McIlroy,Open Championship,2017,1,1,"Southport, Merseyside, North West England",7/20/17
Rory McIlroy,Open Championship,2017,2,-2,"Southport, Merseyside, North West England",7/21/17
Rory McIlroy,Open Championship,2017,3,-1,"Southport, Merseyside, North West England",7/22/17
Rory McIlroy,Open Championship,2017,4,-3,"Southport, Merseyside, North West England",7/23/17
Francesco Molinari,Open Championship,2017,1,3,"Southport, Merseyside, North West England",7/20/17
Francesco Molinari,Open Championship,2017,2,4,"Southport, Merseyside, North West England",7/21/17
Richie Ramsay,Open Championship,2017,1,-2,"Southport, Merseyside, North West England",7/20/17
Richie Ramsay,Open Championship,2017,2,0,"Southport, Merseyside, North West England",7/21/17
Richie Ramsay,Open Championship,2017,3,0,"Southport, Merseyside, North West England",7/22/17
Richie Ramsay,Open Championship,2017,4,2,"Southport, Merseyside, North West England",7/23/17
William McGirt,Open Championship,2017,1,7,"Southport, Merseyside, North West England",7/20/17
William McGirt,Open Championship,2017,2,2,"Southport, Merseyside, North West England",7/21/17
Jason Day,Open Championship,2017,1,-1,"Southport, Merseyside, North West England",7/20/17
Jason Day,Open Championship,2017,2,6,"Southport, Merseyside, North West England",7/21/17
Jason Day,Open Championship,2017,3,-5,"Southport, Merseyside, North West England",7/22/17
Jason Day,Open Championship,2017,4,1,"Southport, Merseyside, North West England",7/23/17
Tony Finau,Open Championship,2017,1,0,"Southport, Merseyside, North West England",7/20/17
Tony Finau,Open Championship,2017,2,3,"Southport, Merseyside, North West England",7/21/17
Tony Finau,Open Championship,2017,3,-3,"Southport, Merseyside, North West England",7/22/17
Tony Finau,Open Championship,2017,4,1,"Southport, Merseyside, North West England",7/23/17
Paul Casey,Open Championship,2017,1,-4,"Southport, Merseyside, North West England",7/20/17
Paul Casey,Open Championship,2017,2,7,"Southport, Merseyside, North West England",7/21/17
Paul Casey,Open Championship,2017,3,-3,"Southport, Merseyside, North West England",7/22/17
Paul Casey,Open Championship,2017,4,-3,"Southport, Merseyside, North West England",7/23/17
Bubba Watson,Open Championship,2017,1,-2,"Southport, Merseyside, North West England",7/20/17
Bubba Watson,Open Championship,2017,2,2,"Southport, Merseyside, North West England",7/21/17
Bubba Watson,Open Championship,2017,3,1,"Southport, Merseyside, North West England",7/22/17
Bubba Watson,Open Championship,2017,4,0,"Southport, Merseyside, North West England",7/23/17
Gary Woodland,Open Championship,2017,1,0,"Southport, Merseyside, North West England",7/20/17
Gary Woodland,Open Championship,2017,2,-1,"Southport, Merseyside, North West England",7/21/17
Gary Woodland,Open Championship,2017,3,4,"Southport, Merseyside, North West England",7/22/17
Gary Woodland,Open Championship,2017,4,4,"Southport, Merseyside, North West England",7/23/17
Marc Leishman,Open Championship,2017,1,-1,"Southport, Merseyside, North West England",7/20/17
Marc Leishman,Open Championship,2017,2,6,"Southport, Merseyside, North West England",7/21/17
Marc Leishman,Open Championship,2017,3,-4,"Southport, Merseyside, North West England",7/22/17
Marc Leishman,Open Championship,2017,4,-5,"Southport, Merseyside, North West England",7/23/17
Cameron Smith,Open Championship,2017,1,4,"Southport, Merseyside, North West England",7/20/17
Cameron Smith,Open Championship,2017,2,5,"Southport, Merseyside, North West England",7/21/17
Justin Rose,PGA Championship,2016,1,0,"Springfield, New Jersey",7/28/16
Justin Rose,PGA Championship,2016,2,2,"Springfield, New Jersey",7/29/16
Justin Rose,PGA Championship,2016,3,-4,"Springfield, New Jersey",7/30/16
Justin Rose,PGA Championship,2016,4,-2,"Springfield, New Jersey",7/31/16
Brooks Koepka,PGA Championship,2016,1,-2,"Springfield, New Jersey",7/28/16
Brooks Koepka,PGA Championship,2016,2,-3,"Springfield, New Jersey",7/29/16
Brooks Koepka,PGA Championship,2016,3,-4,"Springfield, New Jersey",7/30/16
Brooks Koepka,PGA Championship,2016,4,0,"Springfield, New Jersey",7/31/16
Dustin Johnson,PGA Championship,2016,1,7,"Springfield, New Jersey",7/28/16
Dustin Johnson,PGA Championship,2016,2,2,"Springfield, New Jersey",7/29/16
Justin Thomas,PGA Championship,2016,1,-1,"Springfield, New Jersey",7/28/16
Justin Thomas,PGA Championship,2016,2,2,"Springfield, New Jersey",7/29/16
Justin Thomas,PGA Championship,2016,3,2,"Springfield, New Jersey",7/30/16
Justin Thomas,PGA Championship,2016,4,-1,"Springfield, New Jersey",7/31/16
Rickie Fowler,PGA Championship,2016,1,-2,"Springfield, New Jersey",7/28/16
Rickie Fowler,PGA Championship,2016,2,-2,"Springfield, New Jersey",7/29/16
Rickie Fowler,PGA Championship,2016,3,1,"Springfield, New Jersey",7/30/16
Rickie Fowler,PGA Championship,2016,4,0,"Springfield, New Jersey",7/31/16
Rory McIlroy,PGA Championship,2016,1,4,"Springfield, New Jersey",7/28/16
Rory McIlroy,PGA Championship,2016,2,-1,"Springfield, New Jersey",7/29/16
Francesco Molinari,PGA Championship,2016,1,1,"Springfield, New Jersey",7/28/16
Francesco Molinari,PGA Championship,2016,2,0,"Springfield, New Jersey",7/29/16
Francesco Molinari,PGA Championship,2016,3,-2,"Springfield, New Jersey",7/30/16
Francesco Molinari,PGA Championship,2016,4,-3,"Springfield, New Jersey",7/31/16
Peter Malnati,PGA Championship,2016,1,3,"Springfield, New Jersey",7/28/16
Peter Malnati,PGA Championship,2016,2,3,"Springfield, New Jersey",7/29/16
William McGirt,PGA Championship,2016,1,0,"Springfield, New Jersey",7/28/16
William McGirt,PGA Championship,2016,2,-3,"Springfield, New Jersey",7/29/16
William McGirt,PGA Championship,2016,3,-4,"Springfield, New Jersey",7/30/16
William McGirt,PGA Championship,2016,4,0,"Springfield, New Jersey",7/31/16
Tony Finau,PGA Championship,2016,1,7,"Springfield, New Jersey",7/28/16
Tony Finau,PGA Championship,2016,2,0,"Springfield, New Jersey",7/29/16
Paul Casey,PGA Championship,2016,1,-1,"Springfield, New Jersey",7/28/16
Paul Casey,PGA Championship,2016,2,-1,"Springfield, New Jersey",7/29/16
Paul Casey,PGA Championship,2016,3,-2,"Springfield, New Jersey",7/30/16
Paul Casey,PGA Championship,2016,4,-3,"Springfield, New Jersey",7/31/16
Bubba Watson,PGA Championship,2016,1,1,"Springfield, New Jersey",7/28/16
Bubba Watson,PGA Championship,2016,2,-1,"Springfield, New Jersey",7/29/16
Bubba Watson,PGA Championship,2016,3,0,"Springfield, New Jersey",7/30/16
Bubba Watson,PGA Championship,2016,4,1,"Springfield, New Jersey",7/31/16
Gary Woodland,PGA Championship,2016,1,3,"Springfield, New Jersey",7/28/16
Gary Woodland,PGA Championship,2016,2,2,"Springfield, New Jersey",7/29/16
Marc Leishman,PGA Championship,2016,1,1,"Springfield, New Jersey",7/28/16
Marc Leishman,PGA Championship,2016,2,-1,"Springfield, New Jersey",7/29/16
Marc Leishman,PGA Championship,2016,3,-3,"Springfield, New Jersey",7/30/16
Marc Leishman,PGA Championship,2016,4,4,"Springfield, New Jersey",7/31/16
Justin Rose,Open Championship,2015,1,-1,St Andrews,7/16/15
Justin Rose,Open Championship,2015,2,-4,St Andrews,7/17/15
Justin Rose,Open Championship,2015,3,-4,St Andrews,7/18/15
Justin Rose,Open Championship,2015,4,-2,St Andrews,7/19/15
Brooks Koepka,Open Championship,2015,1,-1,St Andrews,7/16/15
Brooks Koepka,Open Championship,2015,2,-2,St Andrews,7/17/15
Brooks Koepka,Open Championship,2015,3,-3,St Andrews,7/18/15
Brooks Koepka,Open Championship,2015,4,-4,St Andrews,7/19/15
Dustin Johnson,Open Championship,2015,1,-7,St Andrews,7/16/15
Dustin Johnson,Open Championship,2015,2,-3,St Andrews,7/17/15
Dustin Johnson,Open Championship,2015,3,3,St Andrews,7/18/15
Dustin Johnson,Open Championship,2015,4,3,St Andrews,7/19/15
Rickie Fowler,Open Championship,2015,1,0,St Andrews,7/16/15
Rickie Fowler,Open Championship,2015,2,-1,St Andrews,7/17/15
Rickie Fowler,Open Championship,2015,3,-6,St Andrews,7/18/15
Rickie Fowler,Open Championship,2015,4,1,St Andrews,7/19/15
Francesco Molinari,Open Championship,2015,1,0,St Andrews,7/16/15
Francesco Molinari,Open Championship,2015,2,-1,St Andrews,7/17/15
Francesco Molinari,Open Championship,2015,3,1,St Andrews,7/18/15
Francesco Molinari,Open Championship,2015,4,-5,St Andrews,7/19/15
Richie Ramsay,Open Championship,2015,1,0,St Andrews,7/16/15
Richie Ramsay,Open Championship,2015,2,-1,St Andrews,7/17/15
Richie Ramsay,Open Championship,2015,3,-2,St Andrews,7/18/15
Richie Ramsay,Open Championship,2015,4,2,St Andrews,7/19/15
Jason Day,Open Championship,2015,1,-6,St Andrews,7/16/15
Jason Day,Open Championship,2015,2,-1,St Andrews,7/17/15
Jason Day,Open Championship,2015,3,-5,St Andrews,7/18/15
Jason Day,Open Championship,2015,4,-2,St Andrews,7/19/15
Paul Casey,Open Championship,2015,1,-2,St Andrews,7/16/15
Paul Casey,Open Championship,2015,2,-1,St Andrews,7/17/15
Paul Casey,Open Championship,2015,3,3,St Andrews,7/18/15
Paul Casey,Open Championship,2015,4,0,St Andrews,7/19/15
Bubba Watson,Open Championship,2015,1,-1,St Andrews,7/16/15
Bubba Watson,Open Championship,2015,2,4,St Andrews,7/17/15
Gary Woodland,Open Championship,2015,1,0,St Andrews,7/16/15
Gary Woodland,Open Championship,2015,2,-2,St Andrews,7/17/15
Gary Woodland,Open Championship,2015,3,-1,St Andrews,7/18/15
Gary Woodland,Open Championship,2015,4,0,St Andrews,7/19/15
Justin Rose,US Open,2018,1,1,"Tahoe, New York",6/14/18
Justin Rose,US Open,2018,2,0,"Tahoe, New York",6/15/18
Justin Rose,US Open,2018,3,3,"Tahoe, New York",6/16/18
Justin Rose,US Open,2018,4,3,"Tahoe, New York",6/17/18
Dustin Johnson,US Open,2018,1,-1,"Tahoe, New York",6/14/18
Dustin Johnson,US Open,2018,2,-3,"Tahoe, New York",6/15/18
Dustin Johnson,US Open,2018,3,7,"Tahoe, New York",6/16/18
Dustin Johnson,US Open,2018,4,0,"Tahoe, New York",6/17/18
Justin Thomas,US Open,2018,1,4,"Tahoe, New York",6/14/18
Justin Thomas,US Open,2018,2,0,"Tahoe, New York",6/15/18
Justin Thomas,US Open,2018,3,4,"Tahoe, New York",6/16/18
Justin Thomas,US Open,2018,4,4,"Tahoe, New York",6/17/18
Bryson DeChambeau,US Open,2018,1,6,"Tahoe, New York",6/14/18
Bryson DeChambeau,US Open,2018,2,-1,"Tahoe, New York",6/15/18
Bryson DeChambeau,US Open,2018,3,3,"Tahoe, New York",6/16/18
Bryson DeChambeau,US Open,2018,4,4,"Tahoe, New York",6/17/18
Jon Rahm,US Open,2018,1,8,"Tahoe, New York",6/14/18
Jon Rahm,US Open,2018,2,7,"Tahoe, New York",6/15/18
Rickie Fowler,US Open,2018,1,3,"Tahoe, New York",6/14/18
Rickie Fowler,US Open,2018,2,-1,"Tahoe, New York",6/15/18
Rickie Fowler,US Open,2018,3,14,"Tahoe, New York",6/16/18
Rickie Fowler,US Open,2018,4,-5,"Tahoe, New York",6/17/18
Rory McIlroy,US Open,2018,1,10,"Tahoe, New York",6/14/18
Rory McIlroy,US Open,2018,2,0,"Tahoe, New York",6/15/18
Francesco Molinari,US Open,2018,1,5,"Tahoe, New York",6/14/18
Francesco Molinari,US Open,2018,2,2,"Tahoe, New York",6/15/18
Francesco Molinari,US Open,2018,3,2,"Tahoe, New York",6/16/18
Francesco Molinari,US Open,2018,4,3,"Tahoe, New York",6/17/18
Richie Ramsay,US Open,2018,1,7,"Tahoe, New York",6/14/18
Richie Ramsay,US Open,2018,2,6,"Tahoe, New York",6/15/18
Jason Day,US Open,2018,1,9,"Tahoe, New York",6/14/18
Jason Day,US Open,2018,2,3,"Tahoe, New York",6/15/18
Tony Finau,US Open,2018,1,5,"Tahoe, New York",6/14/18
Tony Finau,US Open,2018,2,2,"Tahoe, New York",6/15/18
Tony Finau,US Open,2018,3,-4,"Tahoe, New York",6/16/18
Tony Finau,US Open,2018,4,2,"Tahoe, New York",6/17/18
Paul Casey,US Open,2018,1,3,"Tahoe, New York",6/14/18
Paul Casey,US Open,2018,2,3,"Tahoe, New York",6/15/18
Paul Casey,US Open,2018,3,3,"Tahoe, New York",6/16/18
Paul Casey,US Open,2018,4,1,"Tahoe, New York",6/17/18
Bubba Watson,US Open,2018,1,7,"Tahoe, New York",6/14/18
Bubba Watson,US Open,2018,2,4,"Tahoe, New York",6/15/18
Gary Woodland,US Open,2018,1,9,"Tahoe, New York",6/14/18
Gary Woodland,US Open,2018,2,-1,"Tahoe, New York",6/15/18
Gary Woodland,US Open,2018,3,0,"Tahoe, New York",6/16/18
Gary Woodland,US Open,2018,4,5,"Tahoe, New York",6/17/18
Marc Leishman,US Open,2018,1,4,"Tahoe, New York",6/14/18
Marc Leishman,US Open,2018,2,-1,"Tahoe, New York",6/15/18
Marc Leishman,US Open,2018,3,8,"Tahoe, New York",6/16/18
Marc Leishman,US Open,2018,4,4,"Tahoe, New York",6/17/18
Cameron Smith,US Open,2018,1,9,"Tahoe, New York",6/14/18
Cameron Smith,US Open,2018,2,2,"Tahoe, New York",6/15/18
Justin Rose,PGA Championship,2018,1,-3,"Town and Country, Missouri",8/9/18
Justin Rose,PGA Championship,2018,2,-1,"Town and Country, Missouri",8/10/18
Justin Rose,PGA Championship,2018,3,-1,"Town and Country, Missouri",8/11/18
Justin Rose,PGA Championship,2018,4,-2,"Town and Country, Missouri",8/12/18
Dustin Johnson,PGA Championship,2018,1,-3,"Town and Country, Missouri",8/9/18
Dustin Johnson,PGA Championship,2018,2,-4,"Town and Country, Missouri",8/10/18
Dustin Johnson,PGA Championship,2018,3,2,"Town and Country, Missouri",8/11/18
Dustin Johnson,PGA Championship,2018,4,-1,"Town and Country, Missouri",8/12/18
Justin Thomas,PGA Championship,2018,1,-1,"Town and Country, Missouri",8/9/18
Justin Thomas,PGA Championship,2018,2,-5,"Town and Country, Missouri",8/10/18
Justin Thomas,PGA Championship,2018,3,-2,"Town and Country, Missouri",8/11/18
Justin Thomas,PGA Championship,2018,4,-2,"Town and Country, Missouri",8/12/18
Bryson DeChambeau,PGA Championship,2018,1,1,"Town and Country, Missouri",8/9/18
Bryson DeChambeau,PGA Championship,2018,2,0,"Town and Country, Missouri",8/10/18
Jon Rahm,PGA Championship,2018,1,-2,"Town and Country, Missouri",8/9/18
Jon Rahm,PGA Championship,2018,2,-3,"Town and Country, Missouri",8/10/18
Jon Rahm,PGA Championship,2018,3,-4,"Town and Country, Missouri",8/11/18
Jon Rahm,PGA Championship,2018,4,-2,"Town and Country, Missouri",8/12/18
Rickie Fowler,PGA Championship,2018,1,-5,"Town and Country, Missouri",8/9/18
Rickie Fowler,PGA Championship,2018,2,-3,"Town and Country, Missouri",8/10/18
Rickie Fowler,PGA Championship,2018,3,-1,"Town and Country, Missouri",8/11/18
Rickie Fowler,PGA Championship,2018,4,1,"Town and Country, Missouri",8/12/18
Rory McIlroy,PGA Championship,2018,1,0,"Town and Country, Missouri",8/9/18
Rory McIlroy,PGA Championship,2018,2,-3,"Town and Country, Missouri",8/10/18
Rory McIlroy,PGA Championship,2018,3,1,"Town and Country, Missouri",8/11/18
Rory McIlroy,PGA Championship,2018,4,0,"Town and Country, Missouri",8/12/18
Francesco Molinari,PGA Championship,2018,1,-2,"Town and Country, Missouri",8/9/18
Francesco Molinari,PGA Championship,2018,2,-3,"Town and Country, Missouri",8/10/18
Francesco Molinari,PGA Championship,2018,3,-2,"Town and Country, Missouri",8/11/18
Francesco Molinari,PGA Championship,2018,4,-3,"Town and Country, Missouri",8/12/18
Nick Watney,PGA Championship,2018,1,5,"Town and Country, Missouri",8/9/18
Nick Watney,PGA Championship,2018,2,-5,"Town and Country, Missouri",8/10/18
Nick Watney,PGA Championship,2018,3,0,"Town and Country, Missouri",8/11/18
Nick Watney,PGA Championship,2018,4,2,"Town and Country, Missouri",8/12/18
Jason Day,PGA Championship,2018,1,-3,"Town and Country, Missouri",8/9/18
Jason Day,PGA Championship,2018,2,-2,"Town and Country, Missouri",8/10/18
Jason Day,PGA Championship,2018,3,-3,"Town and Country, Missouri",8/11/18
Jason Day,PGA Championship,2018,4,1,"Town and Country, Missouri",8/12/18
Tony Finau,PGA Championship,2018,1,4,"Town and Country, Missouri",8/9/18
Tony Finau,PGA Championship,2018,2,-4,"Town and Country, Missouri",8/10/18
Tony Finau,PGA Championship,2018,3,-1,"Town and Country, Missouri",8/11/18
Tony Finau,PGA Championship,2018,4,-2,"Town and Country, Missouri",8/12/18
Paul Casey,PGA Championship,2018,1,5,"Town and Country, Missouri",8/9/18
Paul Casey,PGA Championship,2018,2,3,"Town and Country, Missouri",8/10/18
Bubba Watson,PGA Championship,2018,1,0,"Town and Country, Missouri",8/9/18
Bubba Watson,PGA Championship,2018,2,8,"Town and Country, Missouri",8/10/18
Gary Woodland,PGA Championship,2018,1,-6,"Town and Country, Missouri",8/9/18
Gary Woodland,PGA Championship,2018,2,-4,"Town and Country, Missouri",8/10/18
Gary Woodland,PGA Championship,2018,3,1,"Town and Country, Missouri",8/11/18
Gary Woodland,PGA Championship,2018,4,-1,"Town and Country, Missouri",8/12/18
Marc Leishman,PGA Championship,2018,1,-2,"Town and Country, Missouri",8/9/18
Marc Leishman,PGA Championship,2018,2,1,"Town and Country, Missouri",8/10/18
Marc Leishman,PGA Championship,2018,3,2,"Town and Country, Missouri",8/11/18
Marc Leishman,PGA Championship,2018,4,1,"Town and Country, Missouri",8/12/18
Cameron Smith,PGA Championship,2018,1,4,"Town and Country, Missouri",8/9/18
Cameron Smith,PGA Championship,2018,2,-4,"Town and Country, Missouri",8/10/18
Cameron Smith,PGA Championship,2018,3,3,"Town and Country, Missouri",8/11/18
Cameron Smith,PGA Championship,2018,4,-4,"Town and Country, Missouri",8/12/18
Justin Rose,US Open,2015,1,2,"University Place, Washington",6/18/15
Justin Rose,US Open,2015,2,0,"University Place, Washington",6/19/15
Justin Rose,US Open,2015,3,2,"University Place, Washington",6/20/15
Justin Rose,US Open,2015,4,1,"University Place, Washington",6/21/15
Brooks Koepka,US Open,2015,1,2,"University Place, Washington",6/18/15
Brooks Koepka,US Open,2015,2,2,"University Place, Washington",6/19/15
Brooks Koepka,US Open,2015,3,0,"University Place, Washington",6/20/15
Brooks Koepka,US Open,2015,4,-1,"University Place, Washington",6/21/15
Dustin Johnson,US Open,2015,1,-5,"University Place, Washington",6/18/15
Dustin Johnson,US Open,2015,2,1,"University Place, Washington",6/19/15
Dustin Johnson,US Open,2015,3,0,"University Place, Washington",6/20/15
Dustin Johnson,US Open,2015,4,0,"University Place, Washington",6/21/15
Bryson DeChambeau,US Open,2015,1,4,"University Place, Washington",6/18/15
Bryson DeChambeau,US Open,2015,2,5,"University Place, Washington",6/19/15
Rickie Fowler,US Open,2015,1,11,"University Place, Washington",6/18/15
Rickie Fowler,US Open,2015,2,3,"University Place, Washington",6/19/15
Rory McIlroy,US Open,2015,1,2,"University Place, Washington",6/18/15
Rory McIlroy,US Open,2015,2,2,"University Place, Washington",6/19/15
Rory McIlroy,US Open,2015,3,0,"University Place, Washington",6/20/15
Rory McIlroy,US Open,2015,4,-4,"University Place, Washington",6/21/15
Francesco Molinari,US Open,2015,1,-2,"University Place, Washington",6/18/15
Francesco Molinari,US Open,2015,2,3,"University Place, Washington",6/19/15
Francesco Molinari,US Open,2015,3,2,"University Place, Washington",6/20/15
Francesco Molinari,US Open,2015,4,2,"University Place, Washington",6/21/15
Jason Day,US Open,2015,1,-2,"University Place, Washington",6/18/15
Jason Day,US Open,2015,2,0,"University Place, Washington",6/19/15
Jason Day,US Open,2015,3,-2,"University Place, Washington",6/20/15
Jason Day,US Open,2015,4,4,"University Place, Washington",6/21/15
Tony Finau,US Open,2015,1,-1,"University Place, Washington",6/18/15
Tony Finau,US Open,2015,2,-2,"University Place, Washington",6/19/15
Tony Finau,US Open,2015,3,4,"University Place, Washington",6/20/15
Tony Finau,US Open,2015,4,1,"University Place, Washington",6/21/15
Paul Casey,US Open,2015,1,2,"University Place, Washington",6/18/15
Paul Casey,US Open,2015,2,-1,"University Place, Washington",6/19/15
Paul Casey,US Open,2015,3,3,"University Place, Washington",6/20/15
Paul Casey,US Open,2015,4,2,"University Place, Washington",6/21/15
Bubba Watson,US Open,2015,1,0,"University Place, Washington",6/18/15
Bubba Watson,US Open,2015,2,7,"University Place, Washington",6/19/15
Gary Woodland,US Open,2015,1,4,"University Place, Washington",6/18/15
Gary Woodland,US Open,2015,2,7,"University Place, Washington",6/19/15
Marc Leishman,US Open,2015,1,3,"University Place, Washington",6/18/15
Marc Leishman,US Open,2015,2,7,"University Place, Washington",6/19/15
Cameron Smith,US Open,2015,1,0,"University Place, Washington",6/18/15
Cameron Smith,US Open,2015,2,0,"University Place, Washington",6/19/15
Cameron Smith,US Open,2015,3,-1,"University Place, Washington",6/20/15
Cameron Smith,US Open,2015,4,-2,"University Place, Washington",6/21/15